Id,Label,indegree,outdegree,Degree,weighted indegree,weighted outdegree,Weighted Degree,Eccentricity,closnesscentrality,harmonicclosnesscentrality,betweenesscentrality,Authority,Hub,pageranks,clustering,eigencentrality,componentnumber,strongcompnum
AFG,Afghanistan,5,0,5,235.24,0,235.24,0,0,0,0,0.033248,0,0.003502,0.5,0.150656,0,0
AGO,Angola,9,0,9,426.132,0,426.132,0,0,0,0,0.04185,0,0.006121,0.208333,0.17078,0,1
ALB,Albania,7,3,10,2298.658,51.038,2349.696,4,0.372583,0.394654,21.543175,0.043252,0.017328,0.006305,0.541667,0.192782,0,107
ARE,United Arab Emirates,22,19,41,3874.922,66812.803,70687.725,4,0.419802,0.467767,1333.035601,0.119272,0.075214,0.014856,0.263866,0.619156,0,107
ARG,Argentina,6,13,19,1399.497,4835.057,6234.554,3,0.451064,0.484277,91.173681,0.041126,0.048206,0.003253,0.294118,0.152834,0,107
ARM,Armenia,7,0,7,2266.207,0,2266.207,0,0,0,0,0.047701,0,0.005154,0.404762,0.205117,0,48
AUS,Australia,23,32,55,19336.943,32952.988,52289.931,3,0.471111,0.529874,908.73728,0.131819,0.121093,0.009131,0.212805,0.698626,0,107
AUT,Austria,16,48,64,49406.469,84640.899,134047.368,4,0.493023,0.571541,282.237278,0.116532,0.222849,0.006361,0.213878,0.60764,0,107
AZE,Azerbaijan,4,0,4,2054.627,0,2054.627,0,0,0,0,0.020889,0,0.004114,0.333333,0.127707,0,49
BDI,Burundi,2,0,2,1226.16,0,1226.16,0,0,0,0,0.001828,0,0.002388,0.5,0.009069,0,84
BEL,Belgium,21,61,82,79720.031,330001.588,409721.619,3,0.565333,0.634434,733.680672,0.144168,0.272362,0.008032,0.177083,0.710518,0,107
BEN,Benin,3,3,6,52.007,63.281,115.288,4,0.319759,0.334906,1.822662,0.015589,0.009457,0.00241,0.25,0.04554,0,107
BFA,Burkina Faso,3,2,5,1168.953,372.633,1541.586,5,0.260763,0.275943,3.844298,0.018549,0.005514,0.002744,0.416667,0.065903,0,107
BGD,Bangladesh,7,1,8,4854.592,16.473,4871.065,4,0.344156,0.360456,3.716175,0.054185,0.007481,0.003268,0.410714,0.17682,0,107
BGR,Bulgaria,13,6,19,3202.581,7738.885,10941.466,4,0.335443,0.363208,21.183363,0.108552,0.024915,0.005643,0.591667,0.517076,0,107
BHR,Bahrain,5,0,5,106.766,0,106.766,0,0,0,0,0.043838,0,0.002609,0.45,0.134106,0,79
BHS,"Bahamas, The",2,0,2,210.153,0,210.153,0,0,0,0,0.023648,0,0.002233,1,0.074968,0,68
BIH,Bosnia and Herzegovina,9,1,10,6131.994,0.14,6132.134,1,1,1,5.816667,0.053984,0.002062,0.005067,0.466667,0.252426,0,51
BLR,Belarus,9,1,10,5461.337,16.6,5477.937,5,0.263682,0.277044,0.256392,0.071588,0.005393,0.007658,0.555556,0.298492,0,107
BOL,Bolivia,3,17,20,193.594,234963.729,235157.323,3,0.452991,0.492138,33.426045,0.021599,0.060679,0.002771,0.228758,0.0751,0,107
BRA,Brazil,8,31,39,345.177,4103.188,4448.365,3,0.485126,0.538522,268.817965,0.062386,0.11446,0.004079,0.188057,0.249648,0,107
BRB,Barbados,5,1,6,329.182,3.591,332.773,5,0.351575,0.373585,1.327262,0.035796,0.006976,0.002774,0.566667,0.132509,0,107
BRN,Brunei,5,0,5,505.684,0,505.684,0,0,0,0,0.029041,0,0.003108,0.8,0.151215,0,88
BTN,Bhutan,0,1,1,0,17.141,17.141,4,0.375,0.393584,0,0,0.004505,0.00193,0,0,0,108
BUN,Bunkers,3,0,3,0.259,0,0.259,0,0,0,0,0.022005,0,0.002417,0.166667,0.06576,0,93
BWA,Botswana,3,2,5,523.19,0.876,524.066,4,0.353333,0.371855,3.314174,0.01864,0.004992,0.002428,0.583333,0.055497,0,107
CAN,Canada,22,44,66,107930.253,96815.387,204745.64,3,0.515815,0.579403,1125.798152,0.106067,0.181006,0.009938,0.165657,0.478479,0,107
CHE,Switzerland,24,24,48,7265.19,844.766,8109.956,3,0.485126,0.527516,637.231736,0.156243,0.122835,0.010961,0.3,0.673791,0,107
CHL,Chile,10,5,15,27004.54,92.81,27097.35,3,0.428283,0.452044,22.060657,0.070672,0.018299,0.003632,0.381818,0.228173,0,107
CHN,China,24,21,45,8120.183,82819.825,90940.008,3,0.494172,0.529088,1001.518567,0.136629,0.103226,0.01081,0.296402,0.698527,0,107
CIV,Cote d'Ivoire,6,7,13,568.273,301.296,869.569,4,0.341385,0.368318,206.985665,0.039509,0.020295,0.003824,0.204545,0.117899,0,107
CMR,Cameroon,9,1,10,4538.458,0.852,4539.31,1,1,1,36.948865,0.068418,0.000132,0.003597,0.311111,0.244553,0,73
COG,Congo [Republic],3,0,3,298.294,0,298.294,0,0,0,0,0.011113,0,0.00257,0.5,0.055882,0,83
COK,Cook Islands,0,0,0,0,0,0,0,0,0,0,0,0,0.00193,0,0,1,109
COL,Colombia,8,8,16,139605.184,16.434,139621.618,4,0.379928,0.413129,315.69093,0.027685,0.022519,0.007127,0.217949,0.110687,0,107
CPV,Cape Verde,3,0,3,516.043,0,516.043,0,0,0,0,0.017289,0,0.002465,0.333333,0.040398,0,77
CRI,Costa Rica,10,5,15,15575.891,61.932,15637.823,4,0.309942,0.329796,53.670087,0.071009,0.005019,0.00569,0.282051,0.241515,0,107
CUB,Cuba,5,0,5,36869.113,0,36869.113,0,0,0,0,0.040756,0,0.002841,0.5,0.129083,0,20
CUW,Curaï¿½ao,3,0,3,1.692,0,1.692,0,0,0,0,0.034129,0,0.00222,0.5,0.07739,0,87
CYM,Cayman Islands,2,0,2,22.054,0,22.054,0,0,0,0,0.016569,0,0.002375,0.5,0.052341,0,62
CYP,Cyprus,12,0,12,2504.617,0,2504.617,0,0,0,0,0.088925,0,0.005984,0.69697,0.477908,0,44
CZE,Czech Republic,16,17,33,11965.311,1123.605,13088.916,3,0.454936,0.493711,265.364255,0.120984,0.088863,0.008781,0.41502,0.61263,0,107
DEU,Germany,33,70,103,551467.31,10225.837,561693.147,3,0.577657,0.654874,1906.978156,0.178762,0.29626,0.014278,0.14973,1,0,107
DNK,Denmark,15,35,50,46166.45,20182.917,66349.367,4,0.437113,0.509041,430.585017,0.112063,0.161889,0.00733,0.269231,0.545885,0,107
DOM,Dominican Republic,4,4,8,84054.652,866.316,84920.968,4,0.348112,0.374214,6.784837,0.033378,0.016435,0.002444,0.375,0.114121,0,107
DZA,Algeria,12,0,12,46633.345,0,46633.345,0,0,0,0,0.096359,0,0.005403,0.537879,0.393243,0,19
ECU,Ecuador,3,3,6,69439.526,334.559,69774.085,3,0.418972,0.440252,1.3,0.021128,0.012521,0.002411,0.5,0.059237,0,107
EGY,"Egypt, Arab Rep.",9,4,13,101746.144,21.828,101767.972,5,0.319277,0.344497,15.693835,0.075509,0.014793,0.003877,0.371795,0.30358,0,107
ESP,Spain,26,24,50,68792.606,88513.134,157305.74,4,0.424,0.479953,559.970716,0.153532,0.101683,0.009412,0.219231,0.742665,0,107
EST,Estonia,12,6,18,1776.706,1762.72,3539.426,4,0.322188,0.347484,30.223145,0.082381,0.025391,0.009279,0.528571,0.44662,0,107
ETH,Ethiopia,6,7,13,368.11,1321.181,1689.291,3,0.423154,0.450472,112.252519,0.051548,0.021737,0.003074,0.219697,0.177905,0,107
EUN,European Union,0,92,92,0,62247.881,62247.881,3,0.626471,0.711268,0,0,0.267188,0.00193,0.054109,0,0,110
FIN,Finland,11,7,18,1627.309,92.383,1719.692,3,0.438923,0.464623,207.733471,0.085423,0.03885,0.006784,0.571429,0.413451,0,107
FJI,Fiji,4,4,8,26462.078,17.481,26479.559,3,0.420635,0.443396,151.157801,0.033481,0.01182,0.002878,0.3,0.143118,0,107
FRA,France,31,45,76,216455.708,8261.18,224716.888,3,0.512077,0.578616,1192.805796,0.167104,0.201942,0.012339,0.18235,0.869314,0,107
FRE,Free Zones,3,0,3,265.862,0,265.862,0,0,0,0,0.005523,0,0.003162,0.333333,0.049896,0,16
FRO,Faroe Islands,2,0,2,0.343,0,0.343,0,0,0,0,0.01822,0,0.002126,0,0.0308,0,54
GAB,Gabon,3,0,3,147.777,0,147.777,0,0,0,0,0.038872,0,0.002171,0.5,0.087142,0,78
GBR,United Kingdom,31,43,74,74490.505,48374.733,122865.238,3,0.522167,0.581761,1511.356613,0.176179,0.198102,0.015167,0.20708,0.911383,0,107
GEO,Georgia,6,3,9,385.012,505.139,890.151,5,0.283044,0.304324,143.299464,0.041697,0.011843,0.004245,0.333333,0.161719,0,107
GHA,Ghana,8,13,21,2358.044,1191.618,3549.662,3,0.463895,0.494497,387.501452,0.063029,0.040635,0.003648,0.220588,0.189884,0,107
GIB,Gibraltar,3,0,3,5.583,0,5.583,0,0,0,0,0.024075,0,0.002581,0.166667,0.092913,0,92
GIN,Guinea,3,0,3,10.55,0,10.55,0,0,0,0,0.01824,0,0.00242,0.166667,0.046977,0,75
GMB,Gambia,1,0,1,0.338,0,0.338,0,0,0,0,0.011287,0,0.002033,0,0.029343,0,86
GNB,Guinea-Bissau,0,0,0,0,0,0,0,0,0,0,0,0,0.00193,0,0,2,111
GRC,Greece,17,9,26,10233.002,1118.275,11351.277,4,0.395522,0.428066,102.890483,0.124939,0.043006,0.008336,0.480952,0.588794,0,107
GRL,Greenland,2,0,2,5.211,0,5.211,0,0,0,0,0.01822,0,0.002126,0,0.0308,0,53
GTM,Guatemala,3,8,11,56180.22,38.92,56219.14,3,0.434426,0.462264,187.811379,0.017619,0.031451,0.003891,0.347222,0.064107,0,107
GUM,Guam,1,0,1,0.031,0,0.031,0,0,0,0,0.006213,0,0.002086,0,0.028908,0,97
GUY,Guyana,5,3,8,771.069,5.362,776.431,3,0.415686,0.437107,16.30022,0.05175,0.008505,0.002449,0.285714,0.129379,0,107
HKG,"Hong Kong, China",16,0,16,50729.085,0,50729.085,0,0,0,0,0.109396,0,0.006081,0.595833,0.490948,0,32
HND,Honduras,6,2,8,27889.856,3.245,27893.101,3,0.414873,0.434748,127.142086,0.024795,0.008079,0.005786,0.4,0.104663,0,107
HRV,Croatia,9,7,16,8166.587,108.279,8274.866,4,0.377897,0.408412,23.027798,0.073861,0.027039,0.004177,0.424242,0.276268,0,107
HTI,Haiti,4,0,4,1064.026,0,1064.026,0,0,0,0,0.018712,0,0.00315,0.333333,0.071301,0,18
HUN,Hungary,17,13,30,608696.914,3502.87,612199.784,4,0.388991,0.429245,153.78021,0.115492,0.061202,0.009782,0.478571,0.641225,0,107
IDN,Indonesia,15,10,25,239564.958,482.858,240047.816,4,0.41165,0.444575,75.976144,0.111222,0.045993,0.00576,0.453216,0.486975,0,107
IND,India,17,77,94,1388.229,64793.305,66181.534,3,0.597183,0.675314,2027.135935,0.106096,0.265818,0.009256,0.103006,0.522201,0,107
IOT,British Indian Ocean Ter.,1,0,1,14.566,0,14.566,0,0,0,0,0.004147,0,0.002217,0,0.029135,0,100
IRL,Ireland,12,4,16,46634.294,5653.461,52287.755,4,0.362393,0.386006,7.329834,0.110434,0.021656,0.004184,0.620879,0.485864,0,107
IRN,"Iran, Islamic Rep.",12,7,19,835.406,62.724,898.13,6,0.232456,0.261085,108.883716,0.090968,0.008979,0.005499,0.225146,0.372842,0,107
IRQ,Iraq,5,0,5,1985.635,0,1985.635,0,0,0,0,0.028661,0,0.003416,0.45,0.138203,0,47
ISL,Iceland,7,0,7,970.069,0,970.069,0,0,0,0,0.070093,0,0.003152,0.595238,0.242996,0,52
ISR,Israel,14,23,37,27021.364,2580,29601.364,3,0.490741,0.529874,157.787886,0.127404,0.112559,0.004678,0.390212,0.526865,0,107
ITA,Italy,25,30,55,44355.308,74168.511,118523.819,3,0.495327,0.544025,874.294203,0.156505,0.149229,0.010386,0.271795,0.768095,0,107
JAM,Jamaica,3,6,9,20022.946,115.539,20138.485,4,0.371278,0.400157,19.766193,0.025306,0.014306,0.002352,0.25,0.07974,0,107
JOR,Jordan,13,1,14,6933.958,0.828,6934.786,7,0.187279,0.195463,4.976984,0.085734,0.003631,0.00524,0.39011,0.364265,0,107
JPN,Japan,20,15,35,456989.784,4323.948,461313.732,3,0.477477,0.507862,397.889954,0.123523,0.080009,0.010497,0.429231,0.57745,0,107
KAZ,Kazakhstan,5,3,8,356.137,4695.645,5051.782,5,0.264339,0.281761,83.996939,0.034329,0.010193,0.00426,0.285714,0.160061,0,107
KEN,Kenya,10,12,22,21497.023,2782.741,24279.764,4,0.3392,0.374214,359.073526,0.071968,0.015398,0.003943,0.21345,0.246837,0,107
KGZ,Kyrgyzstan,3,0,3,323.498,0,323.498,0,0,0,0,0.013168,0,0.004477,0.5,0.073041,0,46
KHM,Cambodia,4,2,6,3463.796,53.397,3517.193,4,0.382671,0.402516,12.957562,0.026947,0.011139,0.003298,0.666667,0.136809,0,107
KIR,Kiribati,2,0,2,11.651,0,11.651,0,0,0,0,0.006715,0,0.002697,0,0.037353,0,34
KOR,"Korea, Rep.",16,12,28,144191.05,375.803,144566.853,3,0.469027,0.496855,465.459773,0.111825,0.059349,0.007396,0.418421,0.497116,0,107
KWT,Kuwait,10,2,12,1385.622,149.463,1535.085,5,0.296503,0.314308,419.740922,0.079576,0.009858,0.00771,0.481818,0.311739,0,107
LAO,Lao PDR,2,1,3,6.371,46.662,53.033,4,0.318318,0.332154,0,0.00667,0.00593,0.002835,1,0.062277,0,107
LBN,Lebanon,10,2,12,13140.495,1.906,13142.401,6,0.229686,0.241667,214.500451,0.085513,0.008173,0.008924,0.454545,0.330879,0,107
LBR,Liberia,4,0,4,621.47,0,621.47,0,0,0,0,0.046558,0,0.002363,0.583333,0.114893,0,45
LBY,Libya,2,0,2,7.419,0,7.419,0,0,0,0,0.023925,0,0.002122,0,0.056,0,91
LCA,Saint Lucia,4,1,5,16.643,0.041,16.684,1,1,1,1.1,0.022842,0.00075,0.002966,0.45,0.07419,0,60
LKA,Sri Lanka,5,19,24,12386.025,124.674,12510.699,3,0.463895,0.503931,210.976727,0.040029,0.082033,0.003198,0.292208,0.164679,0,107
LSO,Lesotho,2,0,2,114.032,0,114.032,0,0,0,0,0.022304,0,0.002177,1,0.07085,0,105
LTU,Lithuania,15,4,19,8047.121,2396.807,10443.928,4,0.348112,0.370676,51.64924,0.110389,0.019765,0.009436,0.695238,0.583328,0,107
LUX,Luxembourg,5,3,8,422.008,31.896,453.904,4,0.383363,0.406447,0.121429,0.048996,0.020808,0.002791,0.95,0.220137,0,107
LVA,Latvia,12,3,15,8166.894,795.553,8962.447,5,0.294036,0.315645,5.5453,0.079277,0.013606,0.008374,0.660256,0.433611,0,107
MAC,Macao,3,0,3,4.475,0,4.475,0,0,0,0,0.021884,0,0.002625,0.666667,0.097509,0,42
MAR,Morocco,10,0,10,24980.897,0,24980.897,0,0,0,0,0.094038,0,0.0039,0.711111,0.3747,0,74
MDA,Moldova,8,1,9,529.19,1.471,530.661,5,0.278581,0.293711,0.196429,0.045043,0.005578,0.00537,0.482143,0.238598,0,107
MDG,Madagascar,3,1,4,185.689,0.028,185.717,4,0.327666,0.340802,0.424242,0.024068,0.006634,0.002468,0.333333,0.07832,0,107
MDV,Maldives,1,0,1,1.578,0,1.578,0,0,0,0,0.003483,0,0.002074,0,0.009688,0,43
MEX,Mexico,7,12,19,1531308.557,869.75,1532178.307,3,0.435318,0.46934,173.74448,0.057717,0.034032,0.003614,0.225,0.204596,0,107
MHL,Marshall Islands,1,0,1,0.27,0,0.27,0,0,0,0,0.006213,0,0.002086,0,0.028908,0,96
MKD,North Macedonia,12,3,15,3789.092,7.993,3797.085,4,0.33281,0.35456,6.72207,0.072814,0.011315,0.00779,0.484848,0.341634,0,107
MLI,Mali,2,0,2,834.687,0,834.687,0,0,0,0,0.017687,0,0.00228,1,0.058562,0,70
MLT,Malta,7,0,7,887.19,0,887.19,0,0,0,0,0.059548,0,0.003434,0.928571,0.293636,0,14
MMR,Myanmar,8,4,12,4950.92,1369.939,6320.859,4,0.358108,0.378538,2.218237,0.058645,0.020282,0.003292,0.598485,0.211402,0,107
MNP,Northern Mariana Islands,1,0,1,0.061,0,0.061,0,0,0,0,0.006213,0,0.002086,0,0.028908,0,95
MNT,Montenegro,4,0,4,462.585,0,462.585,0,0,0,0,0.031741,0,0.002858,0.583333,0.090981,0,50
MOZ,Mozambique,9,1,10,28996.677,124.486,29121.163,4,0.324159,0.334513,5.147206,0.052551,0.005245,0.003953,0.411111,0.17664,0,107
MRT,Mauritania,0,0,0,0,0,0,0,0,0,0,0,0,0.00193,0,0,3,112
MUS,Mauritius,6,0,6,752.214,0,752.214,0,0,0,0,0.034264,0,0.003258,0.5,0.165268,0,41
MWI,Malawi,3,11,14,690.267,49360.985,50051.252,4,0.370629,0.40566,47.77289,0.008103,0.014668,0.002814,0.218182,0.041797,0,107
MYS,Malaysia,18,29,47,73111.67,44183.529,117295.199,3,0.498824,0.544811,895.999614,0.109927,0.097671,0.009766,0.216667,0.514535,0,107
NAM,Namibia,2,1,3,1594.854,2.011,1596.865,1,1,1,0,0.007352,0.001777,0.002326,0.666667,0.026153,0,80
NCL,New Caledonia,5,0,5,4565.447,0,4565.447,0,0,0,0,0.042114,0,0.003026,0.5,0.16296,0,31
NGA,Nigeria,13,3,16,3347.704,286.572,3634.276,5,0.280053,0.29772,106.659948,0.090356,0.009059,0.005503,0.3,0.305727,0,107
NIC,Nicaragua,4,3,7,54134.429,13.511,54147.94,4,0.305916,0.321148,5.741222,0.017778,0.005001,0.005619,0.583333,0.073329,0,107
NLD,Netherlands,29,63,92,122884.571,1411811.344,1534695.915,4,0.53944,0.623821,1622.947809,0.164277,0.270755,0.012561,0.149648,0.849956,0,107
NOR,Norway,13,3,16,2093.083,12.337,2105.42,4,0.33125,0.352987,15.283409,0.110359,0.01324,0.005831,0.538462,0.439003,0,107
NPL,Nepal,1,0,1,1605.797,0,1605.797,0,0,0,0,0.011287,0,0.002033,0,0.029343,0,40
NZL,New Zealand,17,11,28,11310.337,639.366,11949.703,4,0.362393,0.397406,289.847069,0.110031,0.02567,0.006361,0.29,0.484929,0,107
OAS,"Other Asia, nes",16,39,55,158410.765,24458.845,182869.61,3,0.515815,0.571541,999.665192,0.106276,0.146326,0.007115,0.209302,0.514361,0,107
OMN,Oman,2,1,3,86.49,64.276,150.766,5,0.296503,0.312736,0,0.012435,0.005065,0.002465,0.833333,0.03895,0,107
PAK,Pakistan,8,0,8,14741.096,0,14741.096,0,0,0,0,0.053916,0,0.004235,0.660714,0.235927,0,2
PAN,Panama,4,0,4,2594.017,0,2594.017,0,0,0,0,0.01879,0,0.003885,0.5,0.073424,0,15
PER,Peru,6,12,18,244038.229,120.401,244158.63,3,0.448203,0.480346,22.620395,0.032565,0.060991,0.003258,0.3875,0.112851,0,107
PHL,Philippines,9,4,13,913956.363,971.344,914927.707,4,0.367418,0.390723,33.433826,0.069925,0.019425,0.004184,0.576923,0.282444,0,107
PLW,Palau,1,0,1,1.911,0,1.911,0,0,0,0,0.006213,0,0.002086,0,0.028908,0,94
PNG,Papua New Guinea,5,1,6,20225.902,452.199,20678.101,4,0.333333,0.346698,0,0.029585,0.004668,0.003316,0.8,0.172446,0,107
POL,Poland,20,16,36,229789.287,998.355,230787.642,4,0.401515,0.445362,279.830816,0.127646,0.074343,0.011545,0.364532,0.683228,0,107
PRT,Portugal,12,9,21,39564.519,49379.936,88944.455,4,0.366149,0.399764,240.226162,0.103031,0.025512,0.00429,0.331579,0.458506,0,107
PRY,Paraguay,2,5,7,20.559,13027.94,13048.499,4,0.371278,0.398585,2.188889,0.006907,0.02495,0.002255,0.5,0.023628,0,107
PYF,French Polynesia,3,0,3,4138.796,0,4138.796,0,0,0,0,0.022194,0,0.002775,0.666667,0.113775,0,29
QAT,Qatar,5,0,5,238.902,0,238.902,0,0,0,0,0.043548,0,0.003131,0.55,0.159367,0,24
ROM,Romania,21,14,35,36711.416,3041.963,39753.379,4,0.385455,0.428066,648.085936,0.131353,0.065679,0.014049,0.408832,0.741909,0,107
RUS,Russian Federation,20,13,33,49744.032,3235.966,52979.998,4,0.357504,0.394261,969.9685,0.127015,0.034098,0.01895,0.257389,0.618846,0,107
RWA,Rwanda,4,0,4,1534.838,0,1534.838,0,0,0,0,0.018443,0,0.002778,0.666667,0.070812,0,82
SAU,Saudi Arabia,17,0,17,31751.261,0,31751.261,0,0,0,0,0.112899,0,0.012619,0.411765,0.503611,0,7
SEN,Senegal,10,0,10,7850.263,0,7850.263,0,0,0,0,0.069339,0,0.004206,0.377778,0.239852,0,11
SER,"Serbia, FR(Serbia/Montenegro)",15,39,54,1991.89,70267.858,72259.748,3,0.488479,0.553459,708.706741,0.098286,0.182538,0.010688,0.27439,0.490359,0,107
SGP,Singapore,15,20,35,13698.959,2468.212,16167.171,4,0.434426,0.482311,193.373952,0.112467,0.076391,0.005976,0.337302,0.527403,0,107
SLE,Sierra Leone,1,0,1,1.589,0,1.589,0,0,0,0,0.001725,0,0.002169,0,0.011346,0,69
SLV,El Salvador,7,3,10,38102.156,24.203,38126.359,4,0.344715,0.366745,58.424532,0.029139,0.006312,0.007744,0.446429,0.120578,0,107
SPE,Special Categories,2,0,2,144.989,0,144.989,0,0,0,0,0.017688,0,0.002084,0.5,0.024189,0,103
SSD,South Sudan,1,0,1,34.121,0,34.121,0,0,0,0,0.001205,0,0.002171,0,0.005955,0,99
STP,Sao Tome and Principe,2,0,2,0.822,0,0.822,0,0,0,0,0.012429,0,0.002353,0,0.026036,0,13
SUD,Sudan,3,0,3,638.017,0,638.017,0,0,0,0,0.016416,0,0.002608,0.333333,0.040143,0,55
SUR,Suriname,5,0,5,4305.308,0,4305.308,0,0,0,0,0.05175,0,0.002449,0.45,0.129379,0,39
SVK,Slovak Republic,16,3,19,20506.245,103.555,20609.8,4,0.33125,0.354167,7.667394,0.118164,0.014215,0.007198,0.7,0.636942,0,107
SVN,Slovenia,13,5,18,5421.612,13.875,5435.487,4,0.33125,0.357311,13.981714,0.084663,0.017598,0.005856,0.509524,0.452847,0,107
SWE,Sweden,15,11,26,8296.785,183.222,8480.007,3,0.445378,0.476415,159.224446,0.114328,0.062425,0.00724,0.54386,0.564725,0,107
SWZ,Eswatini,3,1,4,4943.755,26.54,4970.295,4,0.352159,0.368711,0,0.029253,0.004617,0.002196,0.5,0.063559,0,107
SYC,Seychelles,4,0,4,28.623,0,28.623,0,0,0,0,0.024357,0,0.002565,0.5,0.092202,0,9
SYR,Syrian Arab Republic,10,9,19,1691.286,1033.881,2725.167,4,0.381982,0.416667,53.545438,0.096206,0.0346,0.003247,0.356209,0.310016,0,107
TGO,Togo,4,0,4,184.81,0,184.81,0,0,0,0,0.028227,0,0.002499,0.083333,0.072197,0,22
THA,Thailand,21,22,43,78438.944,797.136,79236.08,3,0.465934,0.51022,506.253269,0.13965,0.097724,0.009841,0.327094,0.6103,0,107
TKM,Turkmenistan,1,0,1,4.373,0,4.373,0,0,0,0,0.003098,0,0.002098,0,0.025059,0,5
TMP,Timor-Leste,4,0,4,34.782,0,34.782,0,0,0,0,0.020724,0,0.002979,0.25,0.077026,0,12
TON,Tonga,2,0,2,6.639,0,6.639,0,0,0,0,0.006232,0,0.002665,1,0.066559,0,28
TTO,Trinidad and Tobago,2,16,18,4126.898,5069.49,9196.388,3,0.443515,0.482704,123.209575,0.023648,0.039063,0.002233,0.120833,0.074968,0,107
TUN,Tunisia,8,0,8,207.97,0,207.97,0,0,0,0,0.06728,0,0.003374,0.625,0.286849,0,4
TUR,Turkey,14,26,40,101251.993,981.111,102233.104,4,0.401515,0.462264,441.031617,0.111641,0.07296,0.005117,0.149206,0.448842,0,107
TZA,Tanzania,8,7,15,1163.276,12332.558,13495.834,4,0.421471,0.449292,123.052003,0.04123,0.027035,0.003562,0.348485,0.155443,0,107
UGA,Uganda,4,10,14,661.905,4744.627,5406.532,3,0.438017,0.468553,289.903977,0.021386,0.028375,0.002824,0.189394,0.093991,0,107
UKR,Ukraine,13,2,15,4846.822,1082.402,5929.224,5,0.26401,0.279403,17.256715,0.099859,0.008433,0.007459,0.434066,0.39451,0,107
UNS,Unspecified,11,0,11,10045.57,0,10045.57,0,0,0,0,0.048553,0,0.010928,0.218182,0.248248,0,8
URY,Uruguay,4,0,4,193.584,0,193.584,0,0,0,0,0.014074,0,0.00328,0.166667,0.063395,0,25
USA,United States,37,123,160,32668.568,4826789.688,4859458.256,2,0.704319,0.790094,6290.527125,0.161124,0.375907,0.016029,0.071859,0.827276,0,107
UZB,Uzbekistan,3,0,3,38.561,0,38.561,0,0,0,0,0.009325,0,0.003509,0.5,0.08864,0,3
VCT,Saint Vincent and the Grenadines,2,0,2,27.202,0,27.202,0,0,0,0,0.009345,0,0.002241,1,0.032524,0,57
VEN,Venezuela,4,1,5,7203.676,14828.052,22031.728,5,0.275683,0.288522,0,0.02094,0.001176,0.003194,0.666667,0.071325,0,107
VGB,British Virgin Islands,1,0,1,0.215,0,0.215,0,0,0,0,0.001659,0,0.002049,0,0.004773,0,58
VNM,Vietnam,17,8,25,239135.824,1356.101,240491.925,4,0.382671,0.414701,312.496091,0.115165,0.035998,0.007972,0.45671,0.556292,0,107
WSM,Samoa,1,0,1,0.727,0,0.727,0,0,0,0,0.00109,0,0.002422,0,0.027483,0,27
YEM,Yemen,3,0,3,7229.423,0,7229.423,0,0,0,0,0.027877,0,0.002967,0.5,0.093771,0,36
ZAF,South Africa,17,51,68,13037.148,19790.471,32827.619,3,0.542199,0.606132,1863.044466,0.108728,0.149365,0.008137,0.118099,0.409991,0,107
ZAR,Congo [DRC],7,0,7,1244.191,0,1244.191,0,0,0,0,0.040696,0,0.003208,0.285714,0.13519,0,10
ZMB,Zambia,3,9,12,8475.013,4197.231,12672.244,4,0.378571,0.409984,10.296938,0.008072,0.023788,0.002752,0.222222,0.030384,0,107
ZWE,Zimbabwe,5,7,12,20226.008,1238.761,21464.769,4,0.394052,0.42217,53.320346,0.008841,0.026063,0.003855,0.347222,0.047577,0,107
CCK,,1,0,1,2.346,0,2.346,0,0,0,0,0.005142,0,0.002173,0,0.039075,0,90
FSM,,1,0,1,26.998,0,26.998,0,0,0,0,0.005142,0,0.002173,0,0.039075,0,89
NFK,,2,0,2,0.158,0,0.158,0,0,0,0,0.006232,0,0.002665,1,0.066559,0,30
SLB,,1,0,1,0.57,0,0.57,0,0,0,0,0.005142,0,0.002173,0,0.039075,0,35
ABW,,5,0,5,10.651,0,10.651,0,0,0,0,0.038539,0,0.00324,0.35,0.08996,0,17
AIA,,3,0,3,3.666,0,3.666,0,0,0,0,0.025306,0,0.002352,1,0.07974,0,65
BMU,,3,0,3,9.766,0,9.766,0,0,0,0,0.027131,0,0.002376,0.833333,0.084656,0,67
SPM,,1,0,1,0.01,0,0.01,0,0,0,0,0.007686,0,0.002123,0,0.027752,0,66
PRK,,2,0,2,262.434,0,262.434,0,0,0,0,0.01567,0,0.00247,0.5,0.068601,0,26
NER,,2,0,2,205.208,0,205.208,0,0,0,0,0.007204,0,0.002531,0.5,0.030974,0,71
GNQ,,2,0,2,1.381,0,1.381,0,0,0,0,0.003104,0,0.005155,0.5,0.039275,0,72
SDN,,7,0,7,2527.21,0,2527.21,0,0,0,0,0.049491,0,0.003286,0.357143,0.16377,0,23
ANT,,5,0,5,26.042,0,26.042,0,0,0,0,0.047704,0,0.00298,0.4,0.134872,0,76
DJI,,2,0,2,142.854,0,142.854,0,0,0,0,0.01221,0,0.002406,0,0.039797,0,56
ATA,,2,0,2,2.941,0,2.941,0,0,0,0,0.019757,0,0.002248,0,0.051342,0,102
FLK,,2,0,2,68.688,0,68.688,0,0,0,0,0.019757,0,0.002248,0,0.051342,0,101
MNG,,3,0,3,18.168,0,18.168,0,0,0,0,0.030464,0,0.002672,0.333333,0.085439,0,98
TUV,,1,0,1,3.241,0,3.241,0,0,0,0,0.000502,0,0.002542,0,0.008445,0,33
KNA,,2,0,2,3.235,0,3.235,0,0,0,0,0.016323,0,0.002735,1,0.055055,0,63
TCA,,2,0,2,4.601,0,4.601,0,0,0,0,0.011895,0,0.002366,0,0.034468,0,38
TCD,,2,0,2,1777.958,0,1777.958,0,0,0,0,0.027249,0,0.002143,1,0.076559,0,37
TJK,,3,0,3,104.226,0,104.226,0,0,0,0,0.004927,0,0.004003,0.333333,0.080491,0,6
DMA,,2,0,2,1816.63,0,1816.63,0,0,0,0,0.016569,0,0.002375,0.5,0.052341,0,61
ERI,,1,0,1,0.407,0,0.407,0,0,0,0,0.000654,0,0.00221,0,0.014527,0,85
SOM,,2,0,2,1195.727,0,1195.727,0,0,0,0,0.001277,0,0.002427,1,0.01764,0,81
GRD,,3,0,3,466.09,0,466.09,0,0,0,0,0.017652,0,0.004681,0.666667,0.056882,0,59
BLZ,,2,0,2,9.234,0,9.234,0,0,0,0,0.00183,0,0.003746,0,0.029834,0,21
ATG,,2,0,2,4.991,0,4.991,0,0,0,0,0.017621,0,0.00216,1,0.051989,0,64
SXM,,1,0,1,7,0,7,0,0,0,0,0.015962,0,0.002041,0,0.047216,0,106
SHN,,1,0,1,0.179,0,0.179,0,0,0,0,0.006342,0,0.002066,0,0.023634,0,104
