Id,Label,indegree,outdegree,Degree,weighted indegree,weighted outdegree,Weighted Degree,Eccentricity,closnesscentrality,harmonicclosnesscentrality,betweenesscentrality,Authority,Hub,pageranks,componentnumber,strongcompnum,eigencentrality,clustering
MAR,Morocco,12,1,13,59435.847,0.446,59436.293,1,1,1,30.120608,0.095059,0.00063,0.004111,0,1,0.372589,0.519231
CPV,Cape Verde,4,0,4,99.752,0,99.752,0,0,0,0,0.016077,0,0.00586,0,0,0.060929,0.25
AFG,Afghanistan,2,1,3,1584.137,126.745,1710.882,5,0.280959,0.293207,1.25,0.001594,0.002999,0.00318,0,101,0.018258,0
PAK,Pakistan,12,9,21,1418.407,2191.113,3609.52,4,0.390018,0.422591,365.326265,0.076573,0.027789,0.007164,0,101,0.280112,0.327485
ARE,United Arab Emirates,29,19,48,13417.182,1941.342,15358.524,4,0.416996,0.46564,1223.905222,0.142009,0.047296,0.016993,0,101,0.645821,0.184461
AZE,Azerbaijan,6,0,6,66.087,0,66.087,0,0,0,0,0.031712,0,0.003976,0,79,0.137781,0.4
BHR,Bahrain,7,4,11,769.298,5.403,774.701,5,0.296348,0.31872,114.819646,0.030904,0.013011,0.004178,0,101,0.161425,0.233333
COG,Congo [Republic],9,1,10,146.193,530.521,676.714,1,1,1,40.143177,0.051577,0.000441,0.005275,0,68,0.232784,0.366667
DJI,,3,0,3,2.925,0,2.925,0,0,0,0,0.02117,0,0.002857,0,92,0.071763,0.333333
ESP,Spain,29,33,62,160101.157,48439.073,208540.23,4,0.458696,0.522907,740.05533,0.149142,0.133372,0.010987,0,101,0.804314,0.243351
HKG,"Hong Kong, China",18,4,22,39009.078,1504.327,40513.405,4,0.309384,0.328594,50.464938,0.090324,0.011084,0.007431,0,101,0.474518,0.409524
IRN,"Iran, Islamic Rep.",2,4,6,2139.718,36.537,2176.255,4,0.386447,0.410742,34.305681,0.014661,0.012908,0.002751,0,101,0.061667,0.266667
KWT,Kuwait,9,1,10,5357.4,3.728,5361.128,5,0.294693,0.310821,209.00423,0.055061,0.005562,0.005536,0,101,0.245323,0.486111
LBR,Liberia,5,0,5,59.744,0,59.744,0,0,0,0,0.03282,0,0.003449,0,22,0.131924,0.5
MUS,Mauritius,8,0,8,1244.994,0,1244.994,0,0,0,0,0.056656,0,0.003807,0,43,0.215281,0.535714
MYS,Malaysia,23,39,62,46347.404,80746.445,127093.849,3,0.507212,0.566351,1263.831062,0.106365,0.128735,0.011752,0,101,0.565107,0.193802
OAS,"Other Asia, nes",21,52,73,81555.525,34273.075,115828.6,3,0.54522,0.609795,1289.94042,0.112084,0.16078,0.008245,0,101,0.562171,0.158095
OMN,Oman,14,0,14,5656.097,0,5656.097,0,0,0,0,0.089565,0,0.005801,0,28,0.352732,0.467033
QAT,Qatar,8,0,8,1267.038,0,1267.038,0,0,0,0,0.050843,0,0.00512,0,5,0.207027,0.482143
SAU,Saudi Arabia,14,0,14,21348.639,0,21348.639,0,0,0,0,0.100141,0,0.005615,0,29,0.394928,0.489011
SEN,Senegal,12,3,15,16369.422,78.734,16448.156,4,0.306241,0.32188,80.685334,0.088882,0.003353,0.00486,0,101,0.337187,0.385714
SGP,Singapore,18,20,38,23054.261,1227.383,24281.644,4,0.416174,0.466035,335.295277,0.092366,0.067059,0.007533,0,101,0.504564,0.273399
SYC,Seychelles,3,0,3,525.804,0,525.804,0,0,0,0,0.018473,0,0.003076,0,17,0.085945,0.5
TGO,Togo,3,8,11,12.676,5906.904,5919.58,4,0.439583,0.46722,215.406051,0.014902,0.045095,0.004095,0,101,0.069014,0.554545
ARG,Argentina,5,21,26,386.121,34346.535,34732.656,3,0.485057,0.522907,107.340228,0.024705,0.085257,0.004312,0,101,0.109596,0.235714
BRA,Brazil,10,39,49,857.103,2409.226,3266.329,3,0.518428,0.57346,559.733459,0.071879,0.122522,0.003843,0,101,0.274883,0.145761
CHL,Chile,12,8,20,37273.545,558.242,37831.787,4,0.434156,0.46248,44.383075,0.078538,0.038867,0.003983,0,101,0.242169,0.470833
CHN,China,33,13,46,81082.135,12888.102,93970.237,3,0.438669,0.473934,475.433608,0.159077,0.051907,0.012457,0,101,0.816864,0.29303
DEU,Germany,38,66,104,218764.392,18231.283,236995.675,3,0.567204,0.64376,1660.098221,0.176164,0.258032,0.014809,0,101,1,0.169567
EGY,"Egypt, Arab Rep.",12,11,23,8552.757,542.506,9095.263,4,0.402672,0.438784,176.121047,0.100366,0.033071,0.004362,0,101,0.370104,0.330952
GBR,United Kingdom,38,46,84,60118.818,53732.484,113851.302,3,0.528822,0.590837,1003.170519,0.191299,0.19999,0.012063,0,101,0.960318,0.232203
IND,India,27,113,140,23040.018,453753.794,476793.812,3,0.674121,0.764613,2994.154317,0.121277,0.327057,0.009596,0,101,0.554941,0.089965
JOR,Jordan,10,0,10,2590.144,0,2590.144,0,0,0,0,0.082489,0,0.003507,0,63,0.268059,0.566667
MEX,Mexico,11,6,17,634241.793,367.299,634609.092,4,0.404215,0.43128,33.74707,0.100371,0.01695,0.003523,0,101,0.337388,0.404167
MKD,North Macedonia,8,2,10,2122.861,44.438,2167.299,4,0.376114,0.395735,11.496556,0.047868,0.005332,0.003707,0,101,0.166688,0.375
NPL,Nepal,5,3,8,20423.333,7.019,20430.352,4,0.352254,0.375592,1.230784,0.035208,0.015957,0.002897,0,101,0.119579,0.535714
NZL,New Zealand,21,14,35,19423.229,448.57,19871.799,4,0.368237,0.410348,776.059025,0.128337,0.020638,0.008102,0,101,0.569467,0.233333
PHL,Philippines,15,3,18,4980499.353,186.844,4980686.197,4,0.399621,0.421801,89.958406,0.090285,0.010099,0.006486,0,101,0.391342,0.404412
SLV,El Salvador,6,2,8,35675.178,714.257,36389.435,5,0.297183,0.311927,7.994003,0.031243,0.001512,0.004159,0,101,0.11846,0.375
THA,Thailand,19,21,40,643128.52,2229.763,645358.283,3,0.485057,0.522907,291.442872,0.115299,0.083468,0.006956,0,101,0.564092,0.314516
URY,Uruguay,6,0,6,2824.369,0,2824.369,0,0,0,0,0.027641,0,0.003417,0,62,0.07278,0.266667
USA,United States,44,102,146,74157.506,10430322.19,10504479.696,3,0.65528,0.740126,5376.013014,0.171035,0.303327,0.021273,0,101,0.883646,0.094675
VEN,Venezuela,4,0,4,116312.251,0,116312.251,0,0,0,0,0.032199,0,0.00246,0,61,0.085772,0.416667
VNM,Vietnam,27,11,38,1226121.959,4148.891,1230270.85,3,0.423695,0.457346,86.32579,0.155161,0.050441,0.008819,0,101,0.701112,0.378788
AUS,Australia,25,32,57,27640.848,36464.444,64105.292,3,0.498818,0.549763,822.673684,0.126118,0.106033,0.009481,0,101,0.666055,0.200317
BUN,Bunkers,7,0,7,15.992,0,15.992,0,0,0,0,0.038153,0,0.004706,0,15,0.189465,0.285714
CAN,Canada,24,30,54,178821.753,88351.169,267172.922,3,0.488426,0.539494,553.630121,0.115908,0.114198,0.008858,0,101,0.558566,0.225254
CXR,,2,0,2,7.151,0,7.151,0,0,0,0,0.006779,0,0.00249,0,84,0.059022,1
FJI,Fiji,6,2,8,49226.245,0.648,49226.893,1,1,1,6.679113,0.038572,0.003135,0.003366,0,38,0.190181,0.5
FRA,France,38,56,94,110259.198,7541.252,117800.45,3,0.536896,0.611374,1591.225006,0.174074,0.223006,0.018131,0,101,0.986877,0.174741
IDN,Indonesia,15,18,33,243442.048,1235.549,244677.597,3,0.445148,0.487362,68.15514,0.100789,0.075759,0.00582,0,101,0.490024,0.391667
JPN,Japan,25,12,37,594003.445,2793.111,596796.556,3,0.447034,0.479463,316.435497,0.131984,0.062113,0.01028,0,101,0.636871,0.410053
KHM,Cambodia,9,0,9,19479.56,0,19479.56,0,0,0,0,0.058478,0,0.003761,0,82,0.265099,0.736111
KOR,"Korea, Rep.",22,24,46,213466.857,347.545,213814.402,3,0.482838,0.526066,469.129654,0.113503,0.093197,0.008339,0,101,0.57662,0.268254
NCL,New Caledonia,5,0,5,3962.497,0,3962.497,0,0,0,0,0.036749,0,0.003026,0,35,0.140795,0.6
NRU,,2,0,2,0.52,0,0.52,0,0,0,0,0.010449,0,0.002305,0,42,0.061982,1
PNG,Papua New Guinea,6,0,6,36695.181,0,36695.181,0,0,0,0,0.036087,0,0.003557,0,4,0.186001,0.666667
PYF,French Polynesia,6,0,6,5690.018,0,5690.018,0,0,0,0,0.042116,0,0.003265,0,34,0.185993,0.666667
SLB,,2,0,2,3.155,0,3.155,0,0,0,0,0.010449,0,0.002305,0,41,0.061982,1
TMP,Timor-Leste,5,0,5,298.423,0,298.423,0,0,0,0,0.031182,0,0.002882,0,16,0.114662,0.4
UNS,Unspecified,10,0,10,689.96,0,689.96,0,0,0,0,0.041905,0,0.006779,0,2,0.204398,0.2
VUT,,2,0,2,3.335,0,3.335,0,0,0,0,0.008951,0,0.002254,0,40,0.047696,0
WSM,Samoa,2,1,3,0.382,0.007,0.389,5,0.269476,0.284597,0,0.004961,0.005026,0.002662,0,101,0.062274,1
AUT,Austria,23,57,80,294050.101,137658.447,431708.548,4,0.523573,0.605845,532.598924,0.125615,0.23834,0.009173,0,101,0.734478,0.219774
BEL,Belgium,23,41,64,93249.404,31757.833,125007.237,3,0.514634,0.57425,496.123928,0.134372,0.171984,0.008386,0,101,0.679203,0.232713
BGR,Bulgaria,17,6,23,15859.467,162.224,16021.691,4,0.357627,0.385466,30.388574,0.125776,0.025985,0.005681,0,101,0.594655,0.696078
CHE,Switzerland,24,17,41,383229.42,14.908,383244.328,3,0.473094,0.507899,235.319917,0.14659,0.084361,0.007964,0,101,0.682953,0.372984
CIV,Cote d'Ivoire,8,9,17,4181.76,67.227,4248.987,3,0.435052,0.464455,229.029622,0.057478,0.037817,0.004633,0,101,0.204234,0.32381
CYP,Cyprus,15,0,15,3799.406,0,3799.406,0,0,0,0,0.086934,0,0.006179,0,47,0.470961,0.585714
CZE,Czech Republic,20,16,36,15357.735,3943.593,19301.328,4,0.407336,0.450632,63.586032,0.110706,0.074506,0.008539,0,101,0.58946,0.42735
DNK,Denmark,20,34,54,49502.269,12943.097,62445.366,4,0.461707,0.527251,215.866606,0.125487,0.151555,0.008772,0,101,0.657481,0.330769
DZA,Algeria,10,0,10,27920.802,0,27920.802,0,0,0,0,0.081609,0,0.003692,0,66,0.328709,0.655556
EST,Estonia,13,26,39,5328.901,3152.374,8481.275,3,0.5,0.541074,265.623752,0.072221,0.129416,0.006181,0,101,0.429376,0.436492
FIN,Finland,12,16,28,3551.539,1967.572,5519.111,4,0.453763,0.491706,65.006764,0.09777,0.069888,0.004489,0,101,0.4489,0.432806
GRC,Greece,15,10,25,19774.475,961.355,20735.83,4,0.401905,0.436019,52.990657,0.113046,0.042208,0.005406,0,101,0.544826,0.563158
HRV,Croatia,14,9,23,32423.35,437.81,32861.16,4,0.394393,0.42654,47.993484,0.104355,0.037899,0.006326,0,101,0.448304,0.5875
HUN,Hungary,19,16,35,90852.515,8938.38,99790.895,3,0.448936,0.487362,178.407175,0.101512,0.078393,0.008455,0,101,0.558099,0.486667
IRL,Ireland,12,5,17,13158.863,3856.86,17015.723,4,0.38294,0.407583,1.820857,0.093277,0.028861,0.00416,0,101,0.416417,0.675824
ISR,Israel,11,5,16,34013.476,39,34052.476,3,0.427126,0.451027,95.932721,0.09049,0.025303,0.004001,0,101,0.341237,0.587912
ITA,Italy,27,39,66,109934.085,724030.705,833964.79,3,0.514634,0.57109,780.534423,0.145902,0.166229,0.010381,0,101,0.742114,0.245748
LBN,Lebanon,10,3,13,7584.62,2.86,7587.48,6,0.229847,0.244787,10.805511,0.07933,0.006586,0.005275,0,101,0.301843,0.403846
LTU,Lithuania,13,9,22,2223.58,1485.258,3708.838,4,0.390018,0.422591,69.870151,0.085302,0.035822,0.005732,0,101,0.441265,0.473856
LUX,Luxembourg,9,4,13,3017.598,27.271,3044.869,4,0.386447,0.410742,1.25398,0.068221,0.022955,0.003939,0,101,0.342581,0.866667
MLT,Malta,9,0,9,787.288,0,787.288,0,0,0,0,0.069077,0,0.003387,0,44,0.307637,0.819444
NGA,Nigeria,12,16,28,2945.898,47793.174,50739.072,3,0.473094,0.506319,322.546843,0.075321,0.066263,0.007075,0,101,0.300809,0.324275
NLD,Netherlands,30,60,90,52133.286,202888.962,255022.248,3,0.57027,0.635861,1352.691457,0.150477,0.23164,0.011463,0,101,0.759952,0.178426
NOR,Norway,16,2,18,1900.525,31.984,1932.509,4,0.362543,0.385071,2.746215,0.108043,0.011732,0.005381,0,101,0.457962,0.573529
POL,Poland,19,22,41,191979.015,1686.895,193665.91,4,0.439583,0.490126,426.257022,0.118457,0.09294,0.007876,0,101,0.624316,0.398851
PRT,Portugal,16,13,29,59591.203,107547.524,167138.727,4,0.370826,0.409558,406.809317,0.112092,0.025749,0.005329,0,101,0.55274,0.287037
ROM,Romania,20,19,39,23239.612,4676.276,27915.888,4,0.416996,0.46485,63.579556,0.130428,0.088637,0.007614,0,101,0.673856,0.545
RUS,Russian Federation,16,17,33,7686.654,19169.268,26855.922,4,0.360068,0.406003,552.723533,0.09998,0.032261,0.007839,0,101,0.444609,0.173563
SER,"Serbia, FR(Serbia/Montenegro)",20,64,84,3308.994,178431.059,181740.053,3,0.562667,0.638231,859.091672,0.111447,0.244846,0.00902,0,101,0.569556,0.180186
SVK,Slovak Republic,16,8,24,27222.917,2624.418,29847.335,4,0.392193,0.422591,31.940954,0.101326,0.038232,0.006356,0,101,0.557186,0.720588
SVN,Slovenia,12,8,20,16411.724,159.014,16570.738,4,0.378815,0.409953,11.318372,0.078798,0.033524,0.00494,0,101,0.4026,0.631868
SWE,Sweden,20,11,31,16902.948,648.49,17551.438,3,0.455724,0.484992,99.875385,0.127967,0.055878,0.0066,0,101,0.616757,0.483333
SYR,Syrian Arab Republic,5,0,5,1260.125,0,1260.125,0,0,0,0,0.045941,0,0.002281,0,8,0.096966,0.5
TUN,Tunisia,4,2,6,245.849,1241.813,1487.662,4,0.341424,0.359005,5.606012,0.038419,0.006766,0.002537,0,101,0.136079,0.466667
TUR,Turkey,12,61,73,22757.877,2519.914,25277.791,3,0.562667,0.633491,332.271914,0.09669,0.223533,0.003829,0,101,0.34225,0.161058
UKR,Ukraine,11,7,18,4841.46,324.037,5165.497,5,0.344771,0.377883,38.39369,0.069136,0.022042,0.004619,0,101,0.295972,0.366667
ZAF,South Africa,21,33,54,10437.584,27455.589,37893.173,3,0.487298,0.543444,1570.262511,0.118401,0.097336,0.012612,0,101,0.469984,0.198782
BDI,Burundi,4,1,5,1154.007,34.253,1188.26,4,0.325617,0.338468,0.427632,0.019175,0.00191,0.002981,0,101,0.053686,0.4
TZA,Tanzania,12,22,34,16779.448,8889.16,25668.608,3,0.480638,0.521327,456.299271,0.048768,0.069154,0.00784,0,101,0.198206,0.216524
CMR,Cameroon,11,3,14,1603.544,4.843,1608.387,4,0.40038,0.422591,6.293502,0.083644,0.011668,0.00406,0,101,0.316818,0.583333
COL,Colombia,5,3,8,271763.992,0.904,271764.896,1,1,1,22.308347,0.03963,0.004925,0.002975,0,59,0.146717,0.267857
MDA,Moldova,7,0,7,146.34,0,146.34,0,0,0,0,0.035086,0,0.003974,0,10,0.162766,0.428571
MRT,Mauritania,4,0,4,1712.349,0,1712.349,0,0,0,0,0.032385,0,0.002556,0,64,0.078436,0.5
ZAR,Congo [DRC],9,1,10,1423.05,92.54,1515.59,5,0.273671,0.287599,10.771451,0.059406,0.001802,0.004174,0,101,0.210903,0.527778
BEN,Benin,2,10,12,49.343,3627.345,3676.688,3,0.448936,0.477883,1.002064,0.022398,0.043274,0.00211,0,101,0.057101,0.427273
BGD,Bangladesh,9,0,9,116985.481,0,116985.481,0,0,0,0,0.067378,0,0.003499,0,77,0.19951,0.430556
BFA,Burkina Faso,6,2,8,24540.911,9.284,24550.195,4,0.330721,0.346367,11.364625,0.042844,0.006145,0.003163,0,101,0.134831,0.428571
UZB,Uzbekistan,5,0,5,36.454,0,36.454,0,0,0,0,0.023469,0,0.003694,0,6,0.100352,0.2
FRE,Free Zones,1,0,1,0.017,0,0.017,0,0,0,0,0.00051,0,0.002806,0,71,0.008658,0
BIH,Bosnia and Herzegovina,5,4,9,5150.511,14.799,5165.31,4,0.382246,0.406003,3.594255,0.040496,0.015603,0.003004,0,101,0.139566,0.52381
MNT,Montenegro,5,2,7,2314.988,0.038,2315.026,4,0.365052,0.383096,0.392157,0.02844,0.00998,0.003516,0,101,0.095932,0.633333
BLR,Belarus,4,1,5,20571.606,88.1,20659.706,5,0.265075,0.281122,0,0.024738,0.003916,0.00275,0,101,0.082359,0.5
BLZ,,2,2,4,435.863,33.248,469.111,5,0.304913,0.323776,3.378723,0.013881,0.002147,0.002637,0,101,0.036738,0.166667
GTM,Guatemala,7,9,16,108584.355,959.395,109543.75,4,0.418651,0.450237,346.08953,0.025588,0.027369,0.00684,0,101,0.148785,0.173077
JAM,Jamaica,4,14,18,5107.198,180.073,5287.271,4,0.365052,0.406793,301.514627,0.029244,0.016443,0.00354,0,101,0.105009,0.111111
BOL,Bolivia,1,4,5,1432.342,291359.572,292791.914,4,0.358234,0.380332,0.2,0.004798,0.012849,0.002002,0,101,0.014172,0.416667
PER,Peru,6,18,24,280828.508,130.584,280959.092,3,0.457701,0.49763,76.598331,0.045693,0.083725,0.003308,0,101,0.137965,0.367965
AGO,Angola,14,0,14,2506.616,0,2506.616,0,0,0,0,0.062252,0,0.008962,0,31,0.272263,0.340659
BHS,"Bahamas, The",4,0,4,63.475,0,63.475,0,0,0,0,0.029202,0,0.002433,0,70,0.097073,0.416667
CYM,Cayman Islands,4,0,4,28.272,0,28.272,0,0,0,0,0.018606,0,0.003569,0,48,0.052263,0.166667
GUY,Guyana,5,1,6,54187.516,43.2,54230.716,1,1,1,0.96011,0.030601,0.001456,0.002859,0,14,0.101389,0.466667
MHL,Marshall Islands,3,0,3,3.054,0,3.054,0,0,0,0,0.011903,0,0.002629,0,36,0.07138,0.5
NIC,Nicaragua,3,2,5,50076.454,13.208,50089.662,4,0.397363,0.417852,1.390523,0.01775,0.007922,0.002826,0,101,0.06765,0.5
PAN,Panama,11,0,11,75488.312,0,75488.312,0,0,0,0,0.065269,0,0.005545,0,46,0.226732,0.409091
PRY,Paraguay,1,2,3,71.811,1952.377,2024.188,5,0.308029,0.326698,0.163462,0.004798,0.005722,0.002002,0,101,0.014172,0.166667
SUR,Suriname,7,0,7,1610.124,0,1610.124,0,0,0,0,0.037167,0,0.005397,0,13,0.117231,0.357143
BRN,Brunei,4,1,5,590.219,0.001,590.22,4,0.337061,0.353476,0,0.026773,0.004166,0.002702,0,101,0.11132,0.833333
BWA,Botswana,4,2,6,1935.212,84.95,2020.162,4,0.32866,0.346761,1.357576,0.012645,0.005281,0.003336,0,101,0.072832,0.6
NAM,Namibia,5,2,7,5845.925,459.174,6305.099,4,0.32866,0.346761,0.642857,0.016441,0.007075,0.004586,0,101,0.094714,0.466667
BRB,Barbados,3,0,3,158.371,0,158.371,0,0,0,0,0.016996,0,0.002562,0,55,0.079826,0.666667
CUB,Cuba,5,0,5,15592.412,0,15592.412,0,0,0,0,0.032484,0,0.003145,0,56,0.131698,0.45
DOM,Dominican Republic,4,2,6,63702.03,778.218,64480.248,4,0.397363,0.417852,20.383949,0.023292,0.00729,0.002697,0,101,0.108284,0.45
GHA,Ghana,9,11,20,25629.904,24483.209,50113.113,4,0.43595,0.468799,90.769426,0.065278,0.044681,0.003682,0,101,0.213952,0.359477
SPM,,1,0,1,1.979,0,1.979,0,0,0,0,0.004472,0,0.002169,0,60,0.028631,0
TTO,Trinidad and Tobago,5,6,11,44537.584,593.33,45130.914,4,0.357022,0.386256,30.581911,0.036101,0.012021,0.002769,0,101,0.136891,0.281818
MAC,Macao,6,0,6,145.115,0,145.115,0,0,0,0,0.023287,0,0.005092,0,23,0.150151,0.433333
PRK,,4,0,4,431.506,0,431.506,0,0,0,0,0.022402,0,0.003331,0,25,0.120674,0.5
CAF,,3,0,3,530.549,0,530.549,0,0,0,0,0.011271,0,0.006768,0,67,0.040179,0.333333
ABW,,6,0,6,18.539,0,18.539,0,0,0,0,0.047477,0,0.003346,0,58,0.127961,0.5
CUW,Curaï¿½ao,2,0,2,0.686,0,0.686,0,0,0,0,0.013002,0,0.002834,0,57,0.036371,0
CRI,Costa Rica,7,3,10,45037.026,18.408,45055.434,4,0.40038,0.422591,3.691173,0.042508,0.010257,0.003711,0,101,0.145318,0.428571
LVA,Latvia,13,4,17,1505.433,1730.402,3235.835,4,0.372792,0.39613,26.668672,0.074807,0.017404,0.005465,0,101,0.431962,0.679487
ISL,Iceland,5,0,5,1833.101,0,1833.101,0,0,0,0,0.038095,0,0.002745,0,72,0.143551,0.5
KAZ,Kazakhstan,6,0,6,460.618,0,460.618,0,0,0,0,0.044266,0,0.003319,0,73,0.133519,0.466667
MDG,Madagascar,6,1,7,183.937,0.777,184.714,4,0.349917,0.369273,0.20202,0.052994,0.006817,0.002977,0,101,0.204874,0.6
MMR,Myanmar,8,8,16,130400.847,3191.207,133592.054,3,0.427126,0.455766,7.962267,0.059626,0.039577,0.003528,0,101,0.236093,0.590909
ZMB,Zambia,9,14,23,1988.559,71316.863,73305.422,4,0.376114,0.415482,386.867665,0.046014,0.027663,0.008766,0,101,0.16205,0.254386
HTI,Haiti,3,0,3,650.799,0,650.799,0,0,0,0,0.0151,0,0.003376,0,53,0.06037,0.666667
ECU,Ecuador,1,6,7,51955.827,6.393,51962.22,4,0.422846,0.449447,0.643253,0.011879,0.033336,0.002096,0,101,0.045346,0.633333
KEN,Kenya,16,16,32,21670.339,3027.57,24697.909,4,0.450855,0.489731,430.698755,0.083516,0.041849,0.006213,0,101,0.289035,0.233846
PSE,,1,2,3,0.693,0.748,1.441,4,0.40499,0.425355,6.346375,0.001295,0.01226,0.002255,0,101,0.018787,0.333333
SUD,Sudan,4,0,4,1423.512,0,1423.512,0,0,0,0,0.018896,0,0.00283,0,26,0.084497,0.083333
YEM,Yemen,4,0,4,494.225,0,494.225,0,0,0,0,0.028691,0,0.002808,0,3,0.103629,0.666667
ETH,Ethiopia,7,15,22,12.59,27554.729,27567.319,3,0.475225,0.506319,38.850961,0.048734,0.075845,0.003516,0,101,0.157593,0.405229
GIB,Gibraltar,2,0,2,7.672,0,7.672,0,0,0,0,0.015469,0,0.002217,0,75,0.040585,0
GNQ,,3,0,3,67.915,0,67.915,0,0,0,0,0.028277,0,0.00229,0,74,0.069191,0.333333
EUN,European Union,0,101,101,0,247031.704,247031.704,3,0.64939,0.734742,0,0,0.261609,0.001918,0,103,0,0.061386
ALB,Albania,5,0,5,450.216,0,450.216,0,0,0,0,0.036752,0,0.002793,0,65,0.110505,0.45
ARM,Armenia,5,0,5,23.786,0,23.786,0,0,0,0,0.034253,0,0.003121,0,80,0.104675,0.45
ASM,,4,0,4,6.032,0,6.032,0,0,0,0,0.021821,0,0.002783,0,76,0.086402,0.416667
BMU,,2,0,2,0.068,0,0.068,0,0,0,0,0.019317,0,0.002097,0,93,0.038702,0
GNB,Guinea-Bissau,3,0,3,51.312,0,51.312,0,0,0,0,0.011385,0,0.00366,0,21,0.045164,0.166667
KGZ,Kyrgyzstan,3,0,3,2.173,0,2.173,0,0,0,0,0.012912,0,0.002867,0,45,0.044815,0.333333
LBY,Libya,5,0,5,1273.285,0,1273.285,0,0,0,0,0.026863,0,0.003969,0,9,0.076818,0.3
MOZ,Mozambique,7,4,11,937.164,2938.91,3876.074,4,0.408124,0.432859,49.490913,0.034708,0.013095,0.003874,0,101,0.125087,0.377778
SPE,Special Categories,2,0,2,32.301,0,32.301,0,0,0,0,0.014058,0,0.00226,0,98,0.024778,0.5
STP,Sao Tome and Principe,2,0,2,0.084,0,0.084,0,0,0,0,0.011254,0,0.002283,0,30,0.027947,0
TCD,,1,0,1,13.71,0,13.71,0,0,0,0,0.010246,0,0.001935,0,102,0.0005,0
GIN,Guinea,2,0,2,47.777,0,47.777,0,0,0,0,0.014559,0,0.002275,0,85,0.039998,0.5
NER,,2,1,3,36.273,0.747,37.02,4,0.322137,0.333333,0.6,0.011339,0.00295,0.002323,0,101,0.039887,0.333333
HND,Honduras,3,3,6,90031.535,48.015,90079.55,4,0.399621,0.421801,85.204746,0.01301,0.009068,0.004511,0,101,0.060054,0.2
GUM,Guam,3,0,3,9.824,0,9.824,0,0,0,0,0.010381,0,0.003927,0,24,0.081779,0.5
BTN,Bhutan,1,0,1,34.699,0,34.699,0,0,0,0,0.012809,0,0.001991,0,91,0.028606,0
COM,,3,0,3,83.372,0,83.372,0,0,0,0,0.020559,0,0.00255,0,89,0.068255,0.666667
GAB,Gabon,3,0,3,24.313,0,24.313,0,0,0,0,0.02973,0,0.002424,0,88,0.10271,0.833333
GMB,Gambia,2,0,2,4.597,0,4.597,0,0,0,0,0.024688,0,0.002168,0,90,0.073952,1
GRD,,4,0,4,19.487,0,19.487,0,0,0,0,0.013945,0,0.004897,0,11,0.045423,0.416667
IRQ,Iraq,4,0,4,941.7,0,941.7,0,0,0,0,0.025718,0,0.002924,0,83,0.078772,0.416667
LKA,Sri Lanka,6,20,26,130635.877,71.739,130707.616,3,0.472036,0.511848,67.566171,0.042004,0.074946,0.003143,0,101,0.170406,0.253623
MDV,Maldives,3,0,3,8.383,0,8.383,0,0,0,0,0.01837,0,0.002444,0,87,0.063165,0.5
MLI,Mali,3,0,3,83.375,0,83.375,0,0,0,0,0.016752,0,0.003692,0,20,0.070101,0.333333
MNG,,2,1,3,89.322,0.029,89.351,4,0.310294,0.32188,1.212898,0.014072,0.005169,0.002382,0,101,0.051013,0.333333
MWI,Malawi,5,7,12,368.179,3450.682,3818.861,4,0.421158,0.449447,40.632994,0.032292,0.018074,0.003329,0,101,0.118026,0.553571
SLE,Sierra Leone,2,0,2,9.554,0,9.554,0,0,0,0,0.024688,0,0.002168,0,19,0.073952,1
SOM,,2,0,2,365.111,0,365.111,0,0,0,0,0.014448,0,0.002321,0,18,0.044049,1
UGA,Uganda,8,10,18,489.293,4696.792,5186.085,3,0.43595,0.466825,106.105437,0.039528,0.035737,0.004458,0,101,0.166149,0.373626
DMA,,1,0,1,5.149,0,5.149,0,0,0,0,0.000644,0,0.002134,0,54,0.00585,0
KNA,,2,0,2,24.422,0,24.422,0,0,0,0,0.012523,0,0.002311,0,52,0.051196,0.5
LCA,Saint Lucia,2,0,2,2121.959,0,2121.959,0,0,0,0,0.012523,0,0.002311,0,51,0.051196,0.5
SXM,,2,0,2,28.326,0,28.326,0,0,0,0,0.012523,0,0.002311,0,50,0.051196,0.5
TCA,,1,0,1,21.802,0,21.802,0,0,0,0,0.000644,0,0.002134,0,49,0.00585,0
VCT,Saint Vincent and the Grenadines,3,1,4,609.296,16.111,625.407,1,1,1,5.102155,0.012994,0.000546,0.002703,0,12,0.058611,0.416667
ERI,,1,0,1,61.122,0,61.122,0,0,0,0,0.001639,0,0.002249,0,86,0.015443,0
RWA,Rwanda,4,5,9,1017.046,1125.147,2142.193,4,0.408915,0.434439,11.039235,0.010789,0.014178,0.003187,0,101,0.064233,0.533333
SSD,South Sudan,2,0,2,1914.253,0,1914.253,0,0,0,0,0.003039,0,0.002628,0,27,0.024584,1
MNP,Northern Mariana Islands,2,0,2,0.844,0,0.844,0,0,0,0,0.009947,0,0.002348,0,81,0.057582,0.5
ZWE,Zimbabwe,5,2,7,41863.754,6.108,41869.862,4,0.331761,0.350316,5.179002,0.008824,0.006439,0.004308,0,101,0.057641,0.7
BES,,2,0,2,0.244,0,0.244,0,0,0,0,0.012351,0,0.002237,0,69,0.045744,0.5
COK,Cook Islands,1,0,1,17.745,0,17.745,0,0,0,0,0.000808,0,0.00241,0,39,0.02875,0
KIR,Kiribati,3,0,3,28.257,0,28.257,0,0,0,0,0.0075,0,0.004382,0,37,0.077229,0.333333
TON,Tonga,1,0,1,6.293,0,6.293,0,0,0,0,0.000808,0,0.00241,0,33,0.02875,0
WLF,,1,0,1,2.436,0,2.436,0,0,0,0,0.000808,0,0.00241,0,32,0.02875,0
LSO,Lesotho,3,0,3,458.626,0,458.626,0,0,0,0,0.021988,0,0.002556,0,96,0.098082,0.833333
PLW,Palau,1,0,1,60.202,0,60.202,0,0,0,0,0.006297,0,0.002053,0,100,0.028458,0
GEO,Georgia,3,0,3,4367.027,0,4367.027,0,0,0,0,0.021897,0,0.002541,0,78,0.085191,0.5
TJK,,2,0,2,0.755,0,0.755,0,0,0,0,0.010018,0,0.002364,0,7,0.039845,0
FSM,,1,0,1,0.326,0,0.326,0,0,0,0,0.002626,0,0.002238,0,94,0.025498,0
SWZ,Eswatini,1,1,2,11683.888,3.035,11686.923,4,0.328149,0.344392,0,0.003812,0.004637,0.002244,0,101,0.024278,0
LAO,Lao PDR,1,0,1,112.074,0,112.074,0,0,0,0,0.003269,0,0.0022,0,95,0.028347,0
ATG,,1,0,1,89.428,0,89.428,0,0,0,0,0.003812,0,0.002244,0,99,0.024278,0
AND,,1,0,1,395.852,0,395.852,0,0,0,0,0.001083,0,0.002451,0,97,0.008906,0
FRO,Faroe Islands,0,0,0,0,0,0,0,0,0,0,0,0,0.001918,1,104,0,0
GRL,Greenland,0,0,0,0,0,0,0,0,0,0,0,0,0.001918,2,105,0,0
IOT,British Indian Ocean Ter.,0,0,0,0,0,0,0,0,0,0,0,0,0.001918,3,106,0,0
TKM,Turkmenistan,0,0,0,0,0,0,0,0,0,0,0,0,0.001918,4,107,0,0
VGB,British Virgin Islands,0,0,0,0,0,0,0,0,0,0,0,0,0.001918,5,108,0,0
