Id,Label,indegree,outdegree,Degree,weighted indegree,weighted outdegree,Weighted Degree,Eccentricity,closnesscentrality,harmonicclosnesscentrality,betweenesscentrality,Authority,Hub,pageranks,componentnumber,strongcompnum,clustering,eigencentrality
MAR,Morocco,27,3,30,323633.008,0.228,323633.236,5,0.351911,0.373454,36.478136,0.116734,0.005455,0.00485,0,89,0.487685,0.475517
CPV,Cape Verde,6,0,6,152.874,0,152.874,0,0,0,0,0.024767,0,0.003408,0,58,0.6,0.096365
ESP,Spain,40,55,95,16491944.836,85787.6,16577732.436,4,0.536408,0.605958,751.66401,0.140957,0.142493,0.009065,0,89,0.238014,0.691331
MLI,Mali,8,2,10,129.079,14.819,143.898,4,0.383681,0.403092,12.045994,0.027621,0.005518,0.003869,0,89,0.5,0.111253
AFG,Afghanistan,8,1,9,5208.522,459.078,5667.6,5,0.30274,0.314253,1.074278,0.028807,0.002251,0.003208,0,89,0.410714,0.104522
PAK,Pakistan,21,11,32,5799523.817,802.223,5800326.04,4,0.433333,0.465686,266.938371,0.079791,0.028945,0.007266,0,89,0.407407,0.319694
AGO,Angola,16,3,19,7038.002,51.317,7089.319,5,0.292715,0.308371,29.977949,0.062035,0.002211,0.004011,0,89,0.421569,0.256306
NAM,Namibia,7,6,13,326.786,41.908,368.694,4,0.404762,0.431373,166.717911,0.019096,0.017699,0.003917,0,89,0.390909,0.077172
STP,Sao Tome and Principe,4,0,4,55.937,0,55.937,0,0,0,0,0.014569,0,0.003,0,30,0.5,0.054522
ZAR,Congo [DRC],13,3,16,1465.623,70.818,1536.441,5,0.364086,0.384389,68.435855,0.044702,0.005277,0.004646,0,89,0.455128,0.152579
ARE,United Arab Emirates,48,10,58,295705.213,165.197,295870.41,5,0.358185,0.386652,512.450292,0.140593,0.015751,0.019642,0,89,0.278788,0.685331
AZE,Azerbaijan,17,0,17,60582.015,0,60582.015,0,0,0,0,0.056343,0,0.007055,0,38,0.529412,0.326443
BHR,Bahrain,18,5,23,1045.304,7.811,1053.115,4,0.412313,0.437406,493.243798,0.058863,0.012513,0.012039,0,89,0.424242,0.316761
KWT,Kuwait,17,5,22,1700.183,12.462,1712.645,5,0.344774,0.36365,27.236946,0.069747,0.013271,0.006465,0,89,0.5,0.331313
LBR,Liberia,13,0,13,388.379,0,388.379,0,0,0,0,0.060593,0,0.00488,0,45,0.666667,0.254909
OMN,Oman,14,2,16,726.495,5.241,731.736,6,0.264988,0.278582,14.19159,0.057788,0.004458,0.007179,0,89,0.519048,0.272975
QAT,Qatar,24,0,24,1867.921,0,1867.921,0,0,0,0,0.084609,0,0.0088,0,26,0.458333,0.435304
SEN,Senegal,16,4,20,7437.77,1997.152,9434.922,4,0.415414,0.438914,304.871998,0.059714,0.009423,0.008192,0,89,0.382353,0.263684
SYC,Seychelles,7,0,7,1878.614,0,1878.614,0,0,0,0,0.028055,0,0.003832,0,13,0.452381,0.110238
SYR,Syrian Arab Republic,8,0,8,80382.311,0,80382.311,0,0,0,0,0.03189,0,0.003921,0,12,0.535714,0.128902
TZA,Tanzania,16,28,44,50226.429,96115.82,146342.249,4,0.518779,0.554676,675.765125,0.050665,0.075502,0.006148,0,89,0.349432,0.208463
ARG,Argentina,16,47,63,10282146.116,27313380.863,37595526.979,4,0.54703,0.599925,148.888456,0.068942,0.131251,0.003931,0,89,0.337647,0.279043
BEL,Belgium,34,54,88,1928374.838,438824.645,2367199.483,4,0.54703,0.610483,452.41849,0.123429,0.153846,0.008148,0,89,0.2872,0.621996
BGD,Bangladesh,19,1,20,5882397.726,0.01,5882397.736,4,0.3536,0.365762,8.608372,0.074003,0.00059,0.004331,0,89,0.573684,0.301721
BOL,Bolivia,4,18,22,33368.521,793618.014,826986.535,4,0.461378,0.5,2.918425,0.015887,0.044839,0.001935,0,89,0.444444,0.036906
BRA,Brazil,15,95,110,1709649.568,285121741.848,286831391.416,3,0.631429,0.71267,480.106693,0.06558,0.215714,0.003363,0,89,0.167544,0.264272
CAN,Canada,46,100,146,2026674.031,20195321.091,22221995.122,3,0.64058,0.723982,1855.61926,0.140826,0.231047,0.011594,0,89,0.166639,0.678437
CHL,Chile,23,22,45,298041.778,114059.943,412101.721,4,0.503417,0.535822,142.061785,0.098018,0.069669,0.004969,0,89,0.513793,0.415255
CHN,China,47,118,165,367040500.225,1074861.219,368115361.444,3,0.677914,0.76546,3102.442189,0.135226,0.23152,0.011676,0,89,0.115208,0.709844
COL,Colombia,12,8,20,2214640.464,826.436,2215466.9,4,0.443775,0.470211,22.343583,0.055775,0.017841,0.002771,0,89,0.422794,0.185104
CRI,Costa Rica,11,5,16,1233766.348,46.408,1233812.756,4,0.435897,0.459276,12.131356,0.050006,0.016083,0.00365,0,89,0.55303,0.182167
CUB,Cuba,7,0,7,363035.123,0,363035.123,0,0,0,0,0.036676,0,0.002191,0,48,0.738095,0.110735
EGY,"Egypt, Arab Rep.",19,33,52,12667137.094,2725.47,12669862.564,4,0.501134,0.550905,316.069116,0.09044,0.092365,0.004163,0,89,0.317653,0.319597
FRA,France,55,84,139,2143530.606,498577.202,2642107.808,3,0.612188,0.687783,2115.938233,0.160982,0.212775,0.02001,0,89,0.194692,0.885549
GBR,United Kingdom,50,73,123,3238575.843,35394.598,3273970.441,3,0.595687,0.66365,1084.664596,0.160913,0.197314,0.011464,0,89,0.227212,0.835499
GRC,Greece,27,6,33,1162311.555,5596.796,1167908.351,4,0.389085,0.414781,18.290321,0.118566,0.017449,0.005372,0,89,0.576355,0.533477
HKG,"Hong Kong, China",33,8,41,196203.725,9964.501,206168.226,4,0.465263,0.487557,225.91907,0.123839,0.018831,0.007981,0,89,0.41967,0.587846
IDN,Indonesia,26,18,44,10582911.563,28395.197,10611306.76,3,0.487859,0.518854,110.172807,0.104585,0.057861,0.005489,0,89,0.422689,0.413476
IND,India,42,99,141,503142.816,892033.546,1395176.362,3,0.633238,0.719457,1996.426688,0.128502,0.208129,0.011177,0,89,0.154292,0.570917
IRN,"Iran, Islamic Rep.",20,14,34,7185661.432,254.598,7185916.03,4,0.428295,0.465686,112.408722,0.087407,0.034063,0.005178,0,89,0.383871,0.378019
ITA,Italy,50,54,104,6707863.341,226566.538,6934429.879,4,0.533816,0.602941,549.940446,0.159887,0.145614,0.010417,0,89,0.261982,0.80868
JPN,Japan,41,21,62,16017686.079,3655.388,16021341.467,3,0.502273,0.533183,284.44824,0.135841,0.075367,0.009701,0,89,0.385638,0.633436
LBN,Lebanon,20,11,31,572422.384,309.523,572731.907,4,0.419355,0.453243,27.38848,0.094185,0.025321,0.003761,0,89,0.402709,0.350514
MYS,Malaysia,35,20,55,3086845.342,94278.659,3181124.001,4,0.480435,0.516968,192.997183,0.128328,0.056149,0.007889,0,89,0.394241,0.549816
NGA,Nigeria,22,27,49,116680.422,71810.817,188491.239,4,0.501134,0.541855,494.126718,0.091424,0.081795,0.007104,0,89,0.346069,0.368806
NPL,Nepal,13,7,20,269025.352,43.125,269068.477,4,0.472222,0.491327,5.372649,0.056125,0.026941,0.003255,0,89,0.544118,0.196669
OAS,"Other Asia, nes",34,47,81,11250903.188,1328.73,11252231.918,3,0.54703,0.599548,845.319066,0.122761,0.096737,0.007599,0,89,0.220518,0.575068
PAN,Panama,15,0,15,153237.08,0,153237.08,0,0,0,0,0.065679,0,0.003485,0,32,0.580952,0.236097
PER,Peru,11,12,23,1186691.418,192.818,1186884.236,4,0.45102,0.482278,19.255616,0.049858,0.035982,0.002775,0,89,0.457895,0.173671
PHL,Philippines,21,10,31,741209.193,641.913,741851.106,3,0.462343,0.487934,51.824305,0.091016,0.033592,0.004649,0,89,0.576667,0.395267
PRT,Portugal,26,29,55,3436629.81,35222.47,3471852.28,4,0.501134,0.544872,311.678862,0.114911,0.07001,0.005415,0,89,0.322259,0.545644
PRY,Paraguay,5,52,57,87194.767,20489551.708,20576746.475,3,0.553885,0.61086,17.959457,0.017191,0.14646,0.001992,0,89,0.308824,0.047796
RUS,Russian Federation,40,29,69,8372433.541,1863514.148,10235947.689,3,0.506881,0.548265,398.418972,0.136194,0.077983,0.010403,0,89,0.351299,0.701204
SAU,Saudi Arabia,30,2,32,1478696.289,209.345,1478905.634,5,0.302326,0.316893,226.228541,0.11985,0.005627,0.012127,0,89,0.490323,0.531638
SGP,Singapore,41,32,73,208000.048,4441.724,212441.772,3,0.502273,0.549774,545.559127,0.127926,0.084343,0.010434,0,89,0.312369,0.617721
THA,Thailand,34,41,75,12483328.74,26071.122,12509399.862,3,0.540342,0.586727,506.915284,0.115347,0.111767,0.007391,0,89,0.291289,0.481133
TUN,Tunisia,12,2,14,2240195.023,664.99,2240860.013,4,0.381693,0.40083,3.144178,0.058011,0.005861,0.002662,0,89,0.576923,0.192403
TUR,Turkey,39,58,97,10011871.697,646514.639,10658386.336,4,0.5525,0.619532,841.338002,0.127183,0.145677,0.008932,0,89,0.213453,0.601075
UNS,Unspecified,16,0,16,182454.429,0,182454.429,0,0,0,0,0.055643,0,0.004899,0,11,0.454167,0.279541
URY,Uruguay,9,41,50,318438.978,11779541.334,12097980.312,4,0.542998,0.588612,66.386947,0.039873,0.120762,0.002524,0,89,0.354239,0.145266
USA,United States,71,120,191,4223494.588,232571033.463,236794528.051,3,0.682099,0.769985,6414.542947,0.176841,0.246038,0.025113,0,89,0.126307,1
VEN,Venezuela,11,1,12,522555.267,0.413,522555.68,1,1,1,4.788016,0.035668,0.000437,0.004173,0,2,0.371212,0.123021
VNM,Vietnam,39,32,71,7341892.291,5866.477,7347758.768,3,0.523697,0.563348,299.86346,0.135194,0.092121,0.00812,0,89,0.321429,0.594071
ZAF,South Africa,34,55,89,242312.783,236807.426,479120.209,3,0.566667,0.622172,1324.861448,0.1165,0.118716,0.009179,0,89,0.223003,0.463438
AUS,Australia,26,15,41,16784.337,41619.076,58403.413,3,0.484649,0.512066,127.959795,0.093389,0.041342,0.006099,0,89,0.400568,0.460819
CXR,,4,0,4,2.299,0,2.299,0,0,0,0,0.005315,0,0.002926,0,23,0.416667,0.05701
FJI,Fiji,4,5,9,325.294,6.703,331.997,5,0.30274,0.322926,8.827313,0.013887,0.004847,0.002559,0,89,0.214286,0.076717
KOR,"Korea, Rep.",28,43,71,6088677.437,4704.63,6093382.067,3,0.533816,0.585973,728.460511,0.107794,0.102917,0.00807,0,89,0.242488,0.50953
NCL,New Caledonia,6,0,6,1755.865,0,1755.865,0,0,0,0,0.020105,0,0.002948,0,22,0.433333,0.108185
NZL,New Zealand,20,11,31,10558.706,31.772,10590.478,4,0.427466,0.460407,632.274162,0.077406,0.011234,0.005483,0,89,0.306878,0.381088
PNG,Papua New Guinea,8,0,8,2101.236,0,2101.236,0,0,0,0,0.030359,0,0.003216,0,16,0.910714,0.179378
AUT,Austria,29,72,101,566316.899,457784.741,1024101.64,3,0.589333,0.659125,356.090398,0.10182,0.205901,0.006928,0,89,0.267504,0.591291
BGR,Bulgaria,25,9,34,36675.369,9008.421,45683.79,4,0.413084,0.444193,25.950724,0.098904,0.025098,0.005939,0,89,0.637566,0.550175
BIH,Bosnia and Herzegovina,12,8,20,140851.022,21858.189,162709.211,4,0.423372,0.452112,6.685291,0.05018,0.0231,0.003394,0,89,0.614286,0.228503
BLR,Belarus,11,4,15,840358.041,14655.1,855013.141,4,0.382353,0.404977,0.723729,0.052224,0.011555,0.003244,0,89,0.737179,0.236247
CHE,Switzerland,36,28,64,517883.857,1824.855,519708.712,4,0.503417,0.544872,85.127431,0.136597,0.09393,0.007036,0,89,0.468816,0.645622
CYP,Cyprus,22,0,22,19705.332,0,19705.332,0,0,0,0,0.088196,0,0.005806,0,35,0.627706,0.467169
CZE,Czech Republic,25,36,61,108821.005,65686.727,174507.732,4,0.470213,0.53356,157.253292,0.098467,0.102569,0.006864,0,89,0.420719,0.53375
DEU,Germany,53,68,121,13809831.065,372435.669,14182266.734,3,0.580052,0.648567,1166.641945,0.163436,0.178278,0.012895,0,89,0.233242,0.909079
DNK,Denmark,31,35,66,129657.491,12134.592,141792.083,3,0.512761,0.561086,340.967884,0.114727,0.103953,0.008886,0,89,0.423362,0.647702
DZA,Algeria,17,1,18,1702238.878,0.007,1702238.885,5,0.294274,0.304223,1.800524,0.086721,0.001685,0.003597,0,89,0.663399,0.350155
EST,Estonia,19,4,23,4516.436,3629.54,8145.976,4,0.342636,0.360106,6.201544,0.072235,0.00979,0.006267,0,89,0.760526,0.428779
FIN,Finland,19,9,28,127146.494,2123.394,129269.888,3,0.470213,0.492459,122.428182,0.077665,0.025167,0.006128,0,89,0.575385,0.443104
GEO,Georgia,18,4,22,48700.386,988.808,49689.194,4,0.370184,0.392534,10.408487,0.074077,0.00982,0.004659,0,89,0.516667,0.349775
HRV,Croatia,21,32,53,31811.212,797708.26,829519.472,4,0.460417,0.519985,71.92481,0.085078,0.090739,0.005428,0,89,0.469048,0.436524
HUN,Hungary,25,42,67,481325.385,400388.126,881713.511,4,0.502273,0.565234,121.620992,0.088432,0.119426,0.005944,0,89,0.369082,0.50886
IRL,Ireland,19,7,26,116425.295,5673.797,122099.092,4,0.413858,0.441554,2.937768,0.08682,0.024235,0.004433,0,89,0.652174,0.442985
ISR,Israel,19,18,37,1498594.776,518,1499112.776,4,0.473233,0.508673,44.749741,0.089954,0.054802,0.004015,0,89,0.436559,0.345052
JOR,Jordan,19,4,23,14751.282,111.333,14862.615,4,0.376491,0.399698,84.985144,0.085258,0.007161,0.005951,0,89,0.490119,0.364257
KAZ,Kazakhstan,19,13,32,75359.652,94670.092,170029.744,4,0.439364,0.474359,80.401129,0.078226,0.027963,0.005287,0,89,0.424501,0.380546
LBY,Libya,11,0,11,3312.651,0,3312.651,0,0,0,0,0.046739,0,0.00392,0,29,0.572727,0.20158
LTU,Lithuania,23,17,40,43394.36,14587.089,57981.449,4,0.425819,0.467949,94.363142,0.091534,0.05056,0.007277,0,89,0.578818,0.518291
LUX,Luxembourg,17,8,25,29800.842,141.373,29942.215,4,0.40255,0.432504,5.909141,0.068573,0.025129,0.004,0,89,0.660526,0.365965
LVA,Latvia,14,4,18,4253.022,5024.177,9277.199,4,0.350238,0.372172,4.74513,0.057793,0.010635,0.004779,0,89,0.804762,0.308203
MDA,Moldova,14,18,32,18713.584,94314.728,113028.312,4,0.444668,0.486048,13.742439,0.060588,0.056782,0.003529,0,89,0.57,0.29017
MLT,Malta,14,0,14,410.933,0,410.933,0,0,0,0,0.065044,0,0.003889,0,33,0.840659,0.339241
MNT,Montenegro,10,0,10,5010.374,0,5010.374,0,0,0,0,0.039666,0,0.00313,0,34,0.644444,0.171655
NLD,Netherlands,51,105,156,17156435.238,5026297.987,22182733.225,3,0.65,0.735294,1988.505516,0.15333,0.248085,0.013806,0,89,0.155697,0.851832
NOR,Norway,26,5,31,1918787.528,193.471,1918980.999,4,0.403285,0.428356,7.113748,0.110048,0.016765,0.00597,0,89,0.581197,0.543814
POL,Poland,29,41,70,528104.522,105945.971,634050.493,4,0.490022,0.55543,138.267895,0.114599,0.114818,0.006258,0,89,0.381633,0.613088
ROM,Romania,26,33,59,895245.656,612945.462,1508191.118,4,0.487859,0.541855,62.685046,0.102962,0.102793,0.005748,0,89,0.493599,0.522579
SER,"Serbia, FR(Serbia/Montenegro)",21,43,64,496843.375,445256.758,942100.133,4,0.515152,0.575038,138.198994,0.075879,0.119679,0.005442,0,89,0.369565,0.396181
SLE,Sierra Leone,9,1,10,63.574,0.057,63.631,4,0.406998,0.426094,0,0.050921,0.004989,0.002445,0,89,0.777778,0.17236
SVK,Slovak Republic,18,22,40,67887.724,350108.496,417996.22,4,0.46723,0.510181,19.681032,0.076646,0.071882,0.004179,0,89,0.693333,0.388745
SVN,Slovenia,17,12,29,38987.396,53112.592,92099.988,4,0.404762,0.440045,3.734228,0.07403,0.035197,0.003802,0,89,0.80117,0.363115
SWE,Sweden,33,16,49,144724.441,2649.287,147373.728,4,0.482533,0.512443,175.278619,0.120015,0.053571,0.009304,0,89,0.514936,0.701163
UKR,Ukraine,25,77,102,57944.619,8470728.092,8528672.711,3,0.590909,0.667421,642.897412,0.096662,0.198795,0.006862,0,89,0.229589,0.496008
BDI,Burundi,3,4,7,1406.108,47.252,1453.36,5,0.355878,0.374585,0.582322,0.004912,0.007994,0.002382,0,89,0.65,0.01747
UGA,Uganda,17,27,44,2110.728,42965.867,45076.595,4,0.509217,0.547134,371.050477,0.047395,0.080192,0.005975,0,89,0.355556,0.169315
COG,Congo [Republic],12,0,12,136.004,0,136.004,0,0,0,0,0.052511,0,0.003136,0,57,0.560606,0.207288
GAB,Gabon,6,0,6,22624.371,0,22624.371,0,0,0,0,0.02704,0,0.002469,0,56,0.5,0.108919
GHA,Ghana,18,19,37,5500.325,24987.559,30487.884,4,0.495516,0.526018,94.447819,0.073994,0.054494,0.004224,0,89,0.408832,0.295198
GMB,Gambia,4,0,4,342.238,0,342.238,0,0,0,0,0.022298,0,0.001875,0,54,0.416667,0.052926
MKD,North Macedonia,11,10,21,2750.77,22.73,2773.5,4,0.442886,0.472851,29.52068,0.040643,0.027329,0.003716,0,89,0.429825,0.218023
BEN,Benin,8,25,33,207.715,41365.921,41573.636,4,0.498871,0.53733,8.348161,0.041625,0.077388,0.002499,0,89,0.487685,0.154548
LKA,Sri Lanka,14,28,42,22152.048,1723.421,23875.469,3,0.496629,0.53997,43.012181,0.053497,0.086499,0.003329,0,89,0.347795,0.20487
MMR,Myanmar,11,20,31,61722.506,22729.259,84451.765,3,0.493304,0.525641,11.71144,0.046206,0.063245,0.002922,0,89,0.467236,0.169707
TGO,Togo,9,22,31,4611.767,75949.763,80561.53,4,0.511574,0.541101,61.819649,0.039738,0.064598,0.002807,0,89,0.481884,0.154478
BFA,Burkina Faso,4,11,15,60.048,23029.525,23089.573,4,0.464286,0.491327,3.508067,0.007201,0.030215,0.002369,0,89,0.628788,0.043913
CIV,Cote d'Ivoire,11,16,27,668.58,924.849,1593.429,4,0.481481,0.511689,88.190827,0.034604,0.044007,0.004642,0,89,0.321429,0.150267
ETH,Ethiopia,5,42,47,257.231,278562.516,278819.747,3,0.544335,0.590498,253.478279,0.020908,0.124384,0.005839,0,89,0.352713,0.105928
FRE,Free Zones,2,0,2,6469758.164,0,6469758.164,0,0,0,0,0.00376,0,0.003707,0,72,0,0.017096
BLZ,,2,3,5,312.643,30.18,342.823,4,0.408503,0.430618,0.642857,0.007196,0.005784,0.002341,0,89,0.5,0.042663
HND,Honduras,5,3,8,10835.993,1.591,10837.584,4,0.425819,0.44721,10.894579,0.008001,0.010831,0.004238,0,89,0.466667,0.056487
JAM,Jamaica,4,4,8,28905.546,8.347,28913.893,7,0.190189,0.205139,7.008756,0.020155,0.003059,0.002633,0,89,0.285714,0.087808
ECU,Ecuador,4,5,9,60365.291,88.318,60453.609,4,0.441118,0.463424,5.062576,0.009725,0.021146,0.002369,0,89,0.535714,0.051157
BHS,"Bahamas, The",6,0,6,5614.717,0,5614.717,0,0,0,0,0.034572,0,0.002289,0,59,0.766667,0.145667
CMR,Cameroon,9,2,11,62.992,8821.57,8884.562,5,0.335357,0.349321,4.056645,0.04399,0.003177,0.002574,0,89,0.563636,0.165466
CYM,Cayman Islands,6,0,6,2027.79,0,2027.79,0,0,0,0,0.028663,0,0.002737,0,47,0.6,0.121141
DOM,Dominican Republic,7,3,10,74266.038,173.165,74439.203,4,0.410019,0.432127,12.491461,0.041595,0.008027,0.00234,0,89,0.597222,0.157347
GNQ,,3,0,3,17.758,0,17.758,0,0,0,0,0.018617,0,0.001735,0,53,0.666667,0.03555
GUY,Guyana,6,2,8,2901.017,8.506,2909.523,4,0.406998,0.427602,0.3171,0.032018,0.00611,0.002827,0,89,0.714286,0.131254
KHM,Cambodia,12,6,18,18964.124,985.226,19949.35,4,0.382353,0.407617,0.78684,0.049426,0.021172,0.003767,0,89,0.848485,0.259498
LCA,Saint Lucia,2,0,2,1334447.699,0,1334447.699,0,0,0,0,0.013028,0,0.001817,0,52,1,0.045609
MEX,Mexico,11,4,15,22382594.102,8836.022,22391430.124,4,0.413084,0.436652,20.646667,0.057495,0.009027,0.002608,0,89,0.489011,0.179469
MHL,Marshall Islands,4,0,4,4.938,0,4.938,0,0,0,0,0.016079,0,0.002061,0,51,0.583333,0.069474
MOZ,Mozambique,14,17,31,77304.137,58464.558,135768.695,4,0.479393,0.511689,63.681181,0.051146,0.054755,0.003571,0,89,0.396923,0.171785
MUS,Mauritius,14,1,15,2476.008,4.682,2480.69,4,0.380379,0.397813,1.957111,0.049421,0.004542,0.004139,0,89,0.494505,0.221363
NIC,Nicaragua,4,6,10,8587.408,1743.685,10331.093,4,0.410019,0.436652,3.295271,0.02,0.010393,0.002536,0,89,0.464286,0.076922
SUD,Sudan,11,3,14,949.283,35.011,984.294,5,0.339478,0.358748,2.667714,0.047044,0.008905,0.00301,0,89,0.5,0.161526
SUR,Suriname,9,0,9,754.036,0,754.036,0,0,0,0,0.039709,0,0.004578,0,3,0.527778,0.140523
TCA,,1,0,1,40263.172,0,40263.172,0,0,0,0,0.006086,0,0.001639,0,50,0,0.009682
VGB,British Virgin Islands,6,0,6,30574.701,0,30574.701,0,0,0,0,0.034335,0,0.00207,0,0,0.6,0.095247
BRB,Barbados,5,1,6,96498.299,0.328,96498.627,6,0.231414,0.238537,220.278408,0.026559,0.000196,0.002554,0,89,0.366667,0.095427
VCT,Saint Vincent and the Grenadines,2,1,3,207.177,102.441,309.618,5,0.299864,0.310633,436,0.006947,0.001134,0.003958,0,89,0.5,0.039638
BRN,Brunei,7,2,9,4488.818,195.957,4684.775,4,0.347484,0.36086,0,0.028769,0.00723,0.002791,0,89,0.904762,0.151367
BWA,Botswana,6,3,9,27045.464,42.846,27088.31,4,0.395349,0.416667,3.59343,0.014474,0.008366,0.002366,0,89,0.660714,0.055041
DMA,,4,0,4,1.896,0,1.896,0,0,0,0,0.01351,0,0.003045,0,5,0.5,0.059421
GNB,Guinea-Bissau,3,0,3,138.089,0,138.089,0,0,0,0,0.014493,0,0.001878,0,68,0.5,0.044098
GTM,Guatemala,15,6,21,47471.856,902.871,48374.727,4,0.428295,0.453997,51.994319,0.053732,0.012356,0.006171,0,89,0.398693,0.24066
HTI,Haiti,3,0,3,142.063,0,142.063,0,0,0,0,0.009649,0,0.00253,0,55,0.5,0.048547
LAO,Lao PDR,7,4,11,11859.24,6767.652,18626.892,4,0.416981,0.440422,1.109191,0.031485,0.014716,0.002546,0,89,0.708333,0.135902
MRT,Mauritania,8,0,8,334.869,0,334.869,0,0,0,0,0.043524,0,0.002645,0,41,0.785714,0.169064
MWI,Malawi,8,25,33,4419.514,216758.121,221177.635,4,0.479393,0.523756,62.17093,0.025604,0.053623,0.002946,0,89,0.308201,0.09045
PRK,,6,0,6,33328.815,0,33328.815,0,0,0,0,0.030241,0,0.002387,0,40,0.7,0.117237
SLV,El Salvador,4,2,6,11660.876,0.604,11661.48,4,0.393238,0.41365,3.761381,0.014102,0.005489,0.003119,0,89,0.75,0.072403
SSD,South Sudan,5,0,5,260.845,0,260.845,0,0,0,0,0.019588,0,0.002413,0,27,0.7,0.082169
SWZ,Eswatini,5,3,8,829.283,60.742,890.025,4,0.370805,0.389517,0.468687,0.014207,0.008562,0.002219,0,89,0.571429,0.067723
TJK,,10,0,10,2536.009,0,2536.009,0,0,0,0,0.035708,0,0.004658,0,6,0.5,0.171878
TTO,Trinidad and Tobago,8,7,15,4721.883,49.714,4771.597,4,0.426641,0.453997,673.5379,0.040192,0.013218,0.005712,0,89,0.324176,0.159316
CAF,,3,0,3,0.488,0,0.488,0,0,0,0,0.014507,0,0.001863,0,65,0.5,0.045093
COK,Cook Islands,2,0,2,9.876,0,9.876,0,0,0,0,0.006849,0,0.002117,0,25,0.5,0.039215
COM,,2,0,2,0.271,0,0.271,0,0,0,0,0.010642,0,0.001824,0,64,0.5,0.047034
DJI,,2,0,2,55.068,0,55.068,0,0,0,0,0.010041,0,0.001811,0,63,1,0.02959
ERI,,1,0,1,0.059,0,0.059,0,0,0,0,0.006532,0,0.001693,0,62,0,0.025508
FSM,,1,0,1,0.336,0,0.336,0,0,0,0,0.006532,0,0.001693,0,61,0,0.025508
IRQ,Iraq,15,0,15,27562.394,0,27562.394,0,0,0,0,0.059667,0,0.004683,0,37,0.552381,0.278016
KIR,Kiribati,2,0,2,2.188,0,2.188,0,0,0,0,0.009261,0,0.001831,0,46,1,0.04619
LSO,Lesotho,3,1,4,1830.021,0.41,1830.431,4,0.362295,0.375943,0,0.012611,0.003287,0.001973,0,89,1,0.063177
MAC,Macao,6,0,6,3836.436,0,3836.436,0,0,0,0,0.020671,0,0.003008,0,44,0.5,0.105003
MDG,Madagascar,8,2,10,670.48,793.448,1463.928,4,0.413084,0.433635,2.583245,0.038327,0.008167,0.002543,0,89,0.607143,0.146016
MDV,Maldives,5,0,5,2000.019,0,2000.019,0,0,0,0,0.020377,0,0.002321,0,43,0.75,0.094029
MNG,,7,0,7,302.279,0,302.279,0,0,0,0,0.031907,0,0.002547,0,42,0.547619,0.139688
NER,,6,1,7,30.054,2.734,32.788,5,0.334848,0.347059,0.160909,0.027767,0.002579,0.002301,0,89,0.714286,0.094935
SLB,,2,0,2,1.911,0,1.911,0,0,0,0,0.006849,0,0.002117,0,20,0.5,0.039215
TCD,,6,0,6,163.789,0,163.789,0,0,0,0,0.021198,0,0.004966,0,14,0.466667,0.086603
TMP,Timor-Leste,5,0,5,2904.362,0,2904.362,0,0,0,0,0.018519,0,0.0024,0,15,0.5,0.082451
VUT,,4,0,4,3.534,0,3.534,0,0,0,0,0.010139,0,0.002705,0,10,0.583333,0.059855
ZMB,Zambia,6,19,25,13015.798,99393.903,112409.701,4,0.45567,0.496606,20.349144,0.020065,0.033363,0.002345,0,89,0.330409,0.07735
ABW,,5,0,5,45.31,0,45.31,0,0,0,0,0.015472,0,0.005937,0,1,0.5,0.084462
CUW,Curaï¿½ao,6,0,6,105.883,0,105.883,0,0,0,0,0.027331,0,0.002497,0,49,0.533333,0.100885
ALB,Albania,9,0,9,239.315,0,239.315,0,0,0,0,0.025486,0,0.003631,0,60,0.541667,0.140091
ARM,Armenia,7,0,7,1702.595,0,1702.595,0,0,0,0,0.028358,0,0.003485,0,39,0.619048,0.140156
BUN,Bunkers,7,0,7,116.106,0,116.106,0,0,0,0,0.023292,0,0.004705,0,24,0.309524,0.116949
ISL,Iceland,10,0,10,1342.083,0,1342.083,0,0,0,0,0.042714,0,0.0042,0,31,0.755556,0.240629
FRO,Faroe Islands,3,0,3,59.935,0,59.935,0,0,0,0,0.015932,0,0.001948,0,71,0.333333,0.053214
GRL,Greenland,3,0,3,47.797,0,47.797,0,0,0,0,0.015932,0,0.001948,0,70,0.333333,0.053214
PSE,,2,0,2,123.752,0,123.752,0,0,0,0,0.002808,0,0.00298,0,36,0.5,0.024715
AND,,3,0,3,20.393,0,20.393,0,0,0,0,0.011532,0,0.001861,0,66,0.166667,0.028606
GIB,Gibraltar,3,0,3,40.681,0,40.681,0,0,0,0,0.015587,0,0.001894,0,67,0.5,0.054575
GIN,Guinea,5,0,5,25.944,0,25.944,0,0,0,0,0.025795,0,0.002128,0,69,0.55,0.094232
KEN,Kenya,17,13,30,48830.942,843.393,49674.335,4,0.469214,0.498115,207.163745,0.057613,0.032795,0.004451,0,89,0.313406,0.224364
YEM,Yemen,5,1,6,50.241,0.07,50.311,6,0.232877,0.241252,1.2,0.017432,0.003381,0.005275,0,89,0.5,0.073618
EUN,European Union,0,121,121,0,937761.389,937761.389,3,0.685185,0.771772,0,0,0.212641,0.001609,0,90,0.078444,0
BES,,2,0,2,0.94,0,0.94,0,0,0,0,0.012999,0,0.001732,0,78,0,0.030553
PYF,French Polynesia,6,0,6,22.951,0,22.951,0,0,0,0,0.02899,0,0.002674,0,21,0.666667,0.132369
SPE,Special Categories,3,0,3,111.517,0,111.517,0,0,0,0,0.010017,0,0.001889,0,87,0.5,0.019688
TKM,Turkmenistan,6,0,6,8130.615,0,8130.615,0,0,0,0,0.023519,0,0.002496,0,9,0.533333,0.099869
UZB,Uzbekistan,9,2,11,51498.638,1.878,51500.516,4,0.349684,0.365385,4.204338,0.031494,0.004049,0.003297,0,89,0.5,0.144399
GUM,Guam,4,0,4,20.305,0,20.305,0,0,0,0,0.009318,0,0.002907,0,75,0.666667,0.077494
MNP,Northern Mariana Islands,3,0,3,69.139,0,69.139,0,0,0,0,0.006164,0,0.002754,0,74,0.5,0.05991
BTN,Bhutan,1,0,1,20.506,0,20.506,0,0,0,0,0.005872,0,0.001705,0,77,0,0.020906
NFK,,2,0,2,93.421,0,93.421,0,0,0,0,0.007695,0,0.001814,0,76,1,0.026747
RWA,Rwanda,7,8,15,16884.108,113.914,16998.022,4,0.448276,0.473982,43.979371,0.016217,0.018394,0.003743,0,89,0.6,0.065347
ZWE,Zimbabwe,5,15,20,121053.542,3434.998,124488.54,4,0.401089,0.441176,17.633995,0.013806,0.023692,0.002239,0,89,0.290441,0.0527
KGZ,Kyrgyzstan,4,6,10,1069.235,179.813,1249.048,4,0.45102,0.473228,3.210848,0.012708,0.017833,0.002466,0,89,0.607143,0.077273
SOM,,1,0,1,0.795,0,0.795,0,0,0,0,0.000925,0,0.0019,0,28,0,0.008469
WSM,Samoa,2,1,3,2.151,0.108,2.259,1,1,1,134,0.003221,0,0.002192,0,8,0.166667,0.031925
TON,Tonga,2,0,2,4.368,0,4.368,0,0,0,0,0.003046,0,0.00217,0,19,0.5,0.034388
TUV,,1,0,1,0.045,0,0.045,0,0,0,0,0.000317,0,0.002033,0,18,0,0.013706
PLW,Palau,2,0,2,5.513,0,5.513,0,0,0,0,0.003677,0,0.002142,0,17,0.5,0.034918
UMI,,1,0,1,0.03,0,0.03,0,0,0,0,0.002729,0,0.001747,0,73,0,0.020682
NRU,,1,0,1,0.258,0,0.258,0,0,0,0,0.003153,0,0.001762,0,79,0,0.017584
GRD,,2,0,2,13137.852,0,13137.852,0,0,0,0,0.007315,0,0.002481,0,4,1,0.041888
AIA,,1,0,1,117.419,0,117.419,0,0,0,0,0.006942,0,0.001787,0,86,0,0.035926
ATG,,1,0,1,8.111,0,8.111,0,0,0,0,0.006942,0,0.001787,0,85,0,0.035926
BMU,,1,0,1,68.443,0,68.443,0,0,0,0,0.006942,0,0.001787,0,84,0,0.035926
IOT,British Indian Ocean Ter.,1,0,1,416,0,416,0,0,0,0,0.006942,0,0.001787,0,83,0,0.035926
KNA,,1,0,1,173.436,0,173.436,0,0,0,0,0.006942,0,0.001787,0,82,0,0.035926
SXM,,1,0,1,12.782,0,12.782,0,0,0,0,0.006942,0,0.001787,0,81,0,0.035926
VAT,,1,0,1,13.91,0,13.91,0,0,0,0,0.006942,0,0.001787,0,80,0,0.035926
TKL,,1,0,1,0.108,0,0.108,0,0,0,0,0,0,0.003473,0,7,0,0.001477
SHN,,1,0,1,0.158,0,0.158,0,0,0,0,0.003349,0,0.001751,0,88,0,0.016987
