Id,Label,indegree,outdegree,Degree,weighted indegree,weighted outdegree,Weighted Degree,Eccentricity,closnesscentrality,harmonicclosnesscentrality,betweenesscentrality,pageranks,clustering,Authority,Hub,componentnumber,strongcompnum,eigencentrality,period,network
MAR,Morocco,15,2,17,891773.052,26.414,891799.466,5,0.342229,0.361544,18.648086,0.004032,0.583333,0.085512,0.007407,0,94,0.277995,1,1201
ESP,Spain,35,36,71,10568340.75,30497.667,10598838.41,4,0.503464,0.558104,963.021668,0.011053,0.222572,0.138332,0.104457,0,94,0.645008,1,1201
LBN,Lebanon,17,11,28,41937.848,7.311,41945.159,4,0.392086,0.428899,188.996473,0.00572,0.347692,0.090403,0.031878,0,94,0.311831,1,1201
ABW,,7,4,11,13.615,16.397,30.012,4,0.411321,0.435398,233.164869,0.004863,0.446429,0.027449,0.014808,0,94,0.124968,1,1201
COL,Colombia,12,14,26,1074303.907,2298.714,1076602.621,4,0.453222,0.487768,159.599241,0.00403,0.339827,0.060424,0.03641,0,94,0.16739,1,1201
NLD,Netherlands,43,52,95,12679237.56,4527877.006,17207114.56,3,0.536946,0.602446,968.652736,0.012893,0.226027,0.162572,0.164661,0,94,0.870061,1,1201
USA,United States,58,110,168,1522577.515,130921788.4,132444365.9,3,0.662614,0.75,5212.504535,0.019825,0.12335,0.180435,0.276607,0,94,1,1,1201
VEN,Venezuela,11,2,13,388602.016,1.462,388603.478,5,0.292617,0.30474,4.845678,0.003928,0.462121,0.053862,0.002204,0,94,0.160137,1,1201
ALB,Albania,4,1,5,203.482,12.854,216.336,5,0.300275,0.312232,0.083333,0.002879,0.5,0.017267,0.004103,0,94,0.091302,1,1201
GRC,Greece,27,11,38,914378.848,2900.762,917279.61,4,0.428291,0.461774,274.4669,0.009181,0.493842,0.126709,0.03986,0,94,0.608645,1,1201
ARE,United Arab Emirates,34,4,38,667448.846,317.327,667766.173,5,0.325859,0.347401,493.282008,0.0157,0.365873,0.13584,0.00789,0,94,0.592179,1,1201
EGY,"Egypt, Arab Rep.",15,29,44,4596854.07,4015.161,4600869.231,4,0.477024,0.529052,852.610492,0.006445,0.285897,0.088808,0.091829,0,94,0.266106,1,1201
IRQ,Iraq,9,0,9,7806.061,0,7806.061,0,0,0,0,0.006514,0.486111,0.037943,0,0,44,0.189826,1,1201
OMN,Oman,11,1,12,1543.941,38.817,1582.758,6,0.24605,0.255887,0.322222,0.006001,0.5,0.053272,0.004399,0,94,0.17073,1,1201
QAT,Qatar,13,3,16,661.12,60.907,722.027,1,1,1,13.084085,0.014226,0.504762,0.063637,0.008002,0,3,0.276471,1,1201
ARG,Argentina,15,70,85,1487867.519,30785085.33,32272952.85,3,0.587601,0.656728,278.979078,0.003515,0.227364,0.082181,0.219365,0,94,0.279256,1,1201
AGO,Angola,17,0,17,4916.783,0,4916.783,0,0,0,0,0.004903,0.433824,0.07569,0,0,47,0.30211,1,1201
AUT,Austria,29,40,69,100395.156,234665.219,335060.375,3,0.516588,0.571865,379.161025,0.009255,0.345976,0.123473,0.141378,0,94,0.703772,1,1201
BEL,Belgium,33,44,77,2183785.055,711778.539,2895563.594,4,0.517815,0.579128,634.228914,0.010126,0.285714,0.141277,0.150173,0,94,0.697323,1,1201
BGD,Bangladesh,14,1,15,483798.535,114.14,483912.675,5,0.280566,0.289908,99.842376,0.003054,0.580952,0.088786,0.000027,0,94,0.271219,1,1201
BOL,Bolivia,6,18,24,226791.264,398018.076,624809.34,4,0.477024,0.51185,4.310853,0.002158,0.5,0.042005,0.06312,0,94,0.105355,1,1201
BRA,Brazil,13,84,97,707176.347,94493593,95200769.34,3,0.607242,0.687309,401.103042,0.003465,0.17563,0.06898,0.240894,0,94,0.226349,1,1201
CAN,Canada,39,111,150,1268013.945,8491847.036,9759860.981,3,0.660606,0.750765,2904.721379,0.010049,0.115674,0.149134,0.273474,0,94,0.683762,1,1201
CHE,Switzerland,34,19,53,405963.678,3754.395,409718.073,4,0.457023,0.498089,139.835599,0.009093,0.403846,0.142561,0.075017,0,94,0.699765,1,1201
CHL,Chile,15,22,37,360774.587,102019.461,462794.048,4,0.489888,0.527141,74.931114,0.003585,0.464286,0.086559,0.082919,0,94,0.303598,1,1201
CHN,China,32,114,146,144397466.1,1891070.528,146288536.6,3,0.668712,0.75841,2973.064168,0.008497,0.104882,0.129,0.267164,0,94,0.606838,1,1201
CUB,Cuba,6,0,6,502455.226,0,502455.226,0,0,0,0,0.002423,0.9,0.037186,0,0,67,0.129269,1,1201
CYP,Cyprus,14,0,14,6576.341,0,6576.341,0,0,0,0,0.00646,0.659341,0.066002,0,0,57,0.385882,1,1201
DEU,Germany,47,58,105,13229298.32,168308.284,13397606.6,3,0.550505,0.619266,1132.559525,0.013868,0.217544,0.174825,0.181051,0,94,0.936714,1,1201
DNK,Denmark,21,34,55,445811.111,4344.335,450155.446,3,0.480176,0.538226,216.099296,0.006323,0.349391,0.113837,0.111145,0,94,0.547385,1,1201
ECU,Ecuador,7,6,13,67173.118,23522.28,90695.398,4,0.424951,0.451453,4.238956,0.002971,0.6,0.02443,0.025688,0,94,0.109408,1,1201
FRA,France,38,83,121,1864850.743,151844.46,2016695.203,3,0.600551,0.682722,1805.300739,0.012504,0.166507,0.145604,0.239935,0,94,0.779013,1,1201
GBR,United Kingdom,55,57,112,2612360.756,32091.552,2644452.308,3,0.560411,0.623089,2051.03629,0.019676,0.209997,0.177704,0.191873,0,94,0.99068,1,1201
GEO,Georgia,10,3,13,19446.436,311.142,19757.578,4,0.352751,0.372324,6.166334,0.003008,0.325758,0.04579,0.005447,0,94,0.130509,1,1201
GTM,Guatemala,13,9,22,50906.42,3909.196,54815.616,4,0.440404,0.469419,377.286526,0.006327,0.4375,0.057244,0.021591,0,94,0.192529,1,1201
HKG,"Hong Kong, China",25,0,25,188287.389,0,188287.389,0,0,0,0,0.005724,0.54,0.123485,0,0,51,0.494442,1,1201
IDN,Indonesia,24,26,50,5993645.223,10548.871,6004194.094,3,0.506977,0.544343,186.757551,0.004619,0.365576,0.115868,0.091006,0,94,0.38259,1,1201
IND,India,25,97,122,4993.66,159557.152,164550.812,3,0.631884,0.71789,1813.405029,0.009748,0.124405,0.101683,0.243115,0,94,0.398104,1,1201
IRL,Ireland,24,8,32,87055.647,47790.563,134846.21,4,0.418426,0.448012,21.233691,0.006502,0.560345,0.12722,0.033128,0,94,0.586747,1,1201
IRN,"Iran, Islamic Rep.",11,23,34,2484341.427,4412.984,2488754.411,4,0.455115,0.502676,133.075792,0.00354,0.221591,0.060658,0.06092,0,94,0.177633,1,1201
ISR,Israel,20,4,24,1627788.85,57,1627845.85,4,0.413662,0.437309,264.208891,0.007163,0.478355,0.107355,0.017732,0,94,0.42858,1,1201
ITA,Italy,46,39,85,4871813.232,377183.015,5248996.247,4,0.496583,0.558104,1027.461892,0.014268,0.271038,0.167961,0.134338,0,94,0.882653,1,1201
JPN,Japan,33,17,50,14420254.54,6079.631,14426334.17,4,0.489888,0.519495,222.807312,0.007349,0.390688,0.143849,0.073504,0,94,0.585162,1,1201
KEN,Kenya,12,24,36,13285.049,8148.214,21433.263,4,0.47807,0.521789,252.024515,0.003464,0.235222,0.048042,0.057816,0,94,0.148783,1,1201
KOR,"Korea, Rep.",24,27,51,4795123.016,1534.21,4796657.226,3,0.497717,0.539755,388.323294,0.006707,0.288618,0.114251,0.082627,0,94,0.489606,1,1201
LTU,Lithuania,18,6,24,200724.532,78.198,200802.73,4,0.368866,0.394113,33.881951,0.007958,0.605263,0.089686,0.020577,0,94,0.429424,1,1201
LVA,Latvia,12,3,15,11634.871,16692.746,28327.617,5,0.314121,0.332722,5.889554,0.007501,0.544872,0.03997,0.008102,0,94,0.27626,1,1201
MDG,Madagascar,6,2,8,4196.216,1.951,4198.167,4,0.377163,0.398318,47.87998,0.003299,0.404762,0.03427,0.004835,0,94,0.115578,1,1201
MEX,Mexico,9,14,23,13247277.45,4714.341,13251991.79,4,0.446721,0.482416,38.565616,0.003011,0.345029,0.057379,0.033547,0,94,0.167132,1,1201
MUS,Mauritius,13,3,16,1791.871,6.425,1798.296,4,0.362729,0.382263,28.311159,0.003878,0.504762,0.072078,0.00745,0,94,0.273336,1,1201
MYS,Malaysia,26,25,51,1959616.145,100902.887,2060519.032,3,0.496583,0.535933,225.943671,0.006441,0.353846,0.12983,0.08267,0,94,0.501734,1,1201
NGA,Nigeria,15,7,22,17232.565,1010.442,18243.007,4,0.409774,0.439985,261.08923,0.005043,0.471053,0.08343,0.023176,0,94,0.320113,1,1201
NOR,Norway,26,5,31,1499143.059,2.326,1499145.385,4,0.419231,0.44419,58.668899,0.007378,0.553846,0.128953,0.02625,0,94,0.593675,1,1201
NZL,New Zealand,13,7,20,6677.186,29.96,6707.146,4,0.413662,0.441514,234.886116,0.00357,0.411765,0.081252,0.011496,0,94,0.315325,1,1201
OAS,"Other Asia, nes",24,35,59,8633002.335,538.714,8633541.049,3,0.515366,0.563456,556.010684,0.005421,0.24686,0.122043,0.085613,0,94,0.477976,1,1201
PAK,Pakistan,9,1,10,34718.754,89.288,34808.042,1,1,1,2.095238,0.002561,0.611111,0.058853,0.001632,0,46,0.173693,1,1201
PAN,Panama,19,0,19,21132.74,0,21132.74,0,0,0,0,0.006251,0.324561,0.07717,0,0,33,0.260747,1,1201
PER,Peru,13,14,27,280515.783,485.577,281001.36,4,0.454167,0.488532,24.530779,0.003405,0.447619,0.071293,0.051882,0,94,0.206807,1,1201
PHL,Philippines,17,6,23,440544.428,137.751,440682.179,4,0.454167,0.475917,22.95941,0.003599,0.627451,0.090969,0.022558,0,94,0.312478,1,1201
PRT,Portugal,19,16,35,2930527.117,79477.677,3010004.794,4,0.465812,0.500382,394.228052,0.004535,0.385468,0.108925,0.044501,0,94,0.474617,1,1201
PRY,Paraguay,4,52,56,102090.816,10710482.81,10812573.62,3,0.538272,0.603211,13.925671,0.001965,0.2681,0.028029,0.175855,0,94,0.070211,1,1201
ROM,Romania,27,25,52,228202.883,171330.108,399532.991,4,0.455115,0.506116,108.836453,0.008285,0.427778,0.11558,0.092554,0,94,0.625208,1,1201
SAU,Saudi Arabia,27,0,27,495658.169,0,495658.169,0,0,0,0,0.012475,0.452991,0.118941,0,0,0,0.504953,1,1201
SDN,,13,1,14,851.41,102.788,954.198,6,0.246328,0.256651,0.558333,0.003103,0.467033,0.064621,0.004399,0,94,0.181625,1,1201
SGP,Singapore,29,45,74,140414.38,6253.894,146668.274,3,0.538272,0.592508,968.204652,0.007995,0.23089,0.119117,0.138534,0,94,0.475804,1,1201
SWE,Sweden,27,14,41,39333.482,966.272,40299.754,4,0.4334,0.470948,202.614383,0.010971,0.424242,0.115096,0.056237,0,94,0.6545,1,1201
SYR,Syrian Arab Republic,12,7,19,1099139.039,1123.404,1100262.443,5,0.343849,0.374924,7.047101,0.003118,0.377193,0.064544,0.023839,0,94,0.195085,1,1201
THA,Thailand,29,70,99,5923511.002,11714.406,5935225.408,3,0.572178,0.649083,1052.779532,0.007552,0.187895,0.129586,0.201871,0,94,0.545557,1,1201
TUN,Tunisia,11,2,13,736147.013,32.002,736179.015,4,0.377163,0.398318,8.460105,0.002861,0.575758,0.068685,0.005816,0,94,0.204786,1,1201
TUR,Turkey,26,17,43,3932414.253,11637.181,3944051.434,4,0.453222,0.492355,180.249383,0.00753,0.301565,0.123455,0.045831,0,94,0.529771,1,1201
UKR,Ukraine,20,51,71,38110.765,1719606.615,1757717.38,3,0.540943,0.603211,573.233574,0.006425,0.27099,0.091194,0.163739,0,94,0.427155,1,1201
UNS,Unspecified,22,0,22,1452793.215,0,1452793.215,0,0,0,0,0.008157,0.309524,0.081031,0,0,11,0.373128,1,1201
URY,Uruguay,7,35,42,1057591.831,4248262.128,5305853.959,3,0.524038,0.568807,73.179376,0.002586,0.398649,0.045173,0.128716,0,94,0.115213,1,1201
VNM,Vietnam,21,25,46,1545433.83,4716.977,1550150.807,3,0.503464,0.54052,335.215145,0.005682,0.356607,0.099416,0.091679,0,94,0.320586,1,1201
ZAF,South Africa,24,42,66,56490.121,237141.718,293631.839,4,0.517815,0.57607,1464.220057,0.009495,0.207347,0.08712,0.095183,0,94,0.350489,1,1201
AUS,Australia,23,26,49,91268.853,23031.493,114300.346,3,0.50463,0.542813,418.061658,0.005545,0.304054,0.102978,0.079813,0,94,0.417329,1,1201
BHR,Bahrain,9,0,9,177.768,0,177.768,0,0,0,0,0.006691,0.444444,0.038576,0,0,2,0.145442,1,1201
FJI,Fiji,5,1,6,238.994,0.785,239.779,1,1,1,124,0.002654,0.5,0.018088,0,0,42,0.090334,1,1201
LKA,Sri Lanka,8,19,27,7256.752,1079.926,8336.678,3,0.475983,0.512232,22.663983,0.002666,0.51581,0.051026,0.074628,0,94,0.193226,1,1201
NCL,New Caledonia,5,1,6,314.198,0.022,314.22,1,1,1,124,0.002674,0.166667,0.014999,0,0,40,0.056289,1,1201
NPL,Nepal,2,4,6,5641.996,25.009,5667.005,4,0.404453,0.428517,0.217075,0.001938,0.5,0.010457,0.015006,0,94,0.035552,1,1201
PNG,Papua New Guinea,6,0,6,2303.431,0,2303.431,0,0,0,0,0.002463,0.966667,0.031269,0,0,37,0.123296,1,1201
PYF,French Polynesia,6,0,6,35.96,0,35.96,0,0,0,0,0.0027,0.433333,0.026336,0,0,17,0.098291,1,1201
BGR,Bulgaria,21,9,30,10721.186,3021.161,13742.347,4,0.405959,0.437691,42.096778,0.007263,0.515,0.089762,0.033477,0,94,0.558766,1,1201
BIH,Bosnia and Herzegovina,10,4,14,126876.712,255.047,127131.759,4,0.38448,0.409786,11.21332,0.004739,0.581818,0.031561,0.012174,0,94,0.209118,1,1201
CZE,Czech Republic,22,19,41,85215.964,10774.716,95990.68,4,0.403704,0.451835,44.639021,0.00716,0.506614,0.093947,0.066197,0,94,0.550702,1,1201
EST,Estonia,15,5,20,1534.833,6487.757,8022.59,5,0.346582,0.37133,24.723214,0.008348,0.583333,0.065436,0.01525,0,94,0.394371,1,1201
FIN,Finland,15,4,19,58194.05,30.343,58224.393,5,0.331811,0.353899,7.566204,0.005896,0.661765,0.084905,0.011142,0,94,0.435919,1,1201
HRV,Croatia,16,19,35,99409.439,131459.423,230868.862,4,0.392793,0.442278,114.781543,0.006063,0.456667,0.078115,0.059518,0,94,0.375616,1,1201
HUN,Hungary,24,20,44,135336.602,93149.625,228486.227,4,0.43513,0.482416,75.533452,0.007797,0.562678,0.10564,0.069437,0,94,0.618746,1,1201
JOR,Jordan,17,0,17,1251.071,0,1251.071,0,0,0,0,0.004483,0.595588,0.095513,0,0,4,0.39251,1,1201
LUX,Luxembourg,8,16,24,3152.432,226.148,3378.58,4,0.420849,0.46292,53.291512,0.003412,0.48538,0.035875,0.060414,0,94,0.239512,1,1201
MLT,Malta,9,1,10,194.026,5.48,199.506,1,1,1,12.57377,0.003593,0.733333,0.044718,0.001101,0,28,0.28737,1,1201
POL,Poland,23,24,47,48790.649,2275.934,51066.583,4,0.450413,0.500765,101.616671,0.007604,0.424242,0.101651,0.087924,0,94,0.571959,1,1201
RUS,Russian Federation,26,18,44,1513110.879,47670.568,1560781.447,4,0.447639,0.489679,289.947647,0.007606,0.340683,0.12357,0.04793,0,94,0.564749,1,1201
SER,"Serbia, FR(Serbia/Montenegro)",13,32,45,118135.084,58773.563,176908.647,4,0.441296,0.505352,149.086702,0.006234,0.340463,0.046588,0.095514,0,94,0.275084,1,1201
SVK,Slovak Republic,23,18,41,20629.845,63316.837,83946.682,4,0.450413,0.491208,237.753736,0.00867,0.579772,0.095065,0.071473,0,94,0.563814,1,1201
SVN,Slovenia,18,10,28,30201.756,287190.203,317391.959,4,0.362126,0.397171,19.316091,0.005571,0.593074,0.090043,0.029944,0,94,0.49922,1,1201
CIV,Cote d'Ivoire,9,4,13,310.495,0.622,311.117,4,0.3488,0.372324,22.137326,0.003513,0.409091,0.049178,0.010778,0,94,0.147856,1,1201
CMR,Cameroon,7,3,10,300.255,11.816,312.071,4,0.358553,0.377676,11.778211,0.002864,0.366667,0.039698,0.009105,0,94,0.137416,1,1201
GAB,Gabon,6,0,6,19147.711,0,19147.711,0,0,0,0,0.002667,0.633333,0.03839,0,0,5,0.144722,1,1201
KAZ,Kazakhstan,14,9,23,21501.989,17061.541,38563.53,4,0.42998,0.460627,88.255781,0.004651,0.4,0.072185,0.024691,0,94,0.313469,1,1201
SLE,Sierra Leone,7,0,7,16.591,0,16.591,0,0,0,0,0.002873,0.547619,0.039012,0,0,29,0.144966,1,1201
BEN,Benin,6,4,10,82.963,95.108,178.071,4,0.328808,0.346713,13.735479,0.003571,0.277778,0.026226,0.007537,0,94,0.08333,1,1201
COG,Congo [Republic],10,0,10,92.608,0,92.608,0,0,0,0,0.003855,0.388889,0.046393,0,0,69,0.132032,1,1201
GHA,Ghana,13,17,30,4792.004,462.105,5254.109,3,0.471861,0.506116,723.651937,0.006795,0.268775,0.054214,0.050021,0,94,0.195925,1,1201
TGO,Togo,7,6,13,218.767,2740.089,2958.856,4,0.375862,0.40367,76.823263,0.004531,0.347222,0.0248,0.015294,0,94,0.102879,1,1201
BFA,Burkina Faso,4,2,6,69.907,291.674,361.581,4,0.325373,0.338685,1.435039,0.002824,0.25,0.012831,0.002559,0,94,0.037042,1,1201
BTN,Bhutan,2,1,3,149.437,41.068,190.505,4,0.388592,0.408257,219.057984,0.004448,0.166667,0.000828,0.003293,0,94,0.015821,1,1201
ARM,Armenia,9,0,9,1334.449,0,1334.449,0,0,0,0,0.004342,0.472222,0.028276,0,0,53,0.142399,1,1201
MKD,North Macedonia,11,6,17,1273.075,31.411,1304.486,4,0.373288,0.399465,36.005489,0.005065,0.366667,0.032249,0.014265,0,94,0.215613,1,1201
BLR,Belarus,7,6,13,11241.979,481,11722.979,4,0.382456,0.409404,1.750246,0.002867,0.588889,0.030179,0.023041,0,94,0.118037,1,1201
BLZ,,1,1,2,79.714,20.175,99.889,5,0.30618,0.31682,0,0.002269,0,0.000699,0.001854,0,94,0.008695,1,1201
CPV,Cape Verde,4,0,4,346.444,0,346.444,0,0,0,0,0.002112,0.416667,0.020844,0,0,68,0.051121,1,1201
CRI,Costa Rica,9,6,15,884971.905,561.091,885532.996,4,0.437751,0.462538,19.873272,0.004013,0.450549,0.032655,0.026114,0,94,0.136392,1,1201
CUW,Cura�ao,6,0,6,460.495,0,460.495,0,0,0,0,0.002857,0.533333,0.037399,0,0,21,0.112961,1,1201
CYM,Cayman Islands,3,0,3,686282.838,0,686282.838,0,0,0,0,0.001816,0.833333,0.022351,0,0,66,0.042855,1,1201
DZA,Algeria,9,0,9,2321.803,0,2321.803,0,0,0,0,0.002964,0.652778,0.053571,0,0,65,0.198498,1,1201
GIB,Gibraltar,4,0,4,9206.394,0,9206.394,0,0,0,0,0.002066,0.5,0.026173,0,0,64,0.055488,1,1201
GUY,Guyana,6,3,9,53.815,1.511,55.326,4,0.415238,0.437309,4.642466,0.002429,0.5,0.039293,0.009875,0,94,0.127526,1,1201
LCA,Saint Lucia,6,1,7,423151.309,0.148,423151.457,1,1,1,1.002121,0.014808,0.466667,0.028313,0.000876,0,19,0.105433,1,1201
MOZ,Mozambique,15,6,21,7364.01,99.931,7463.941,5,0.347134,0.372477,18.513401,0.004341,0.331579,0.058823,0.015908,0,94,0.190592,1,1201
NAM,Namibia,7,6,13,235.335,307.656,542.991,5,0.357377,0.382416,14.580783,0.003325,0.411111,0.031453,0.014095,0,94,0.115084,1,1201
PRK,,9,0,9,195859.622,0,195859.622,0,0,0,0,0.002794,0.777778,0.060014,0,0,25,0.211416,1,1201
UMI,,2,0,2,1118.018,0,1118.018,0,0,0,0,0.001783,1,0.016656,0,0,58,0.039435,1,1201
UZB,Uzbekistan,11,0,11,33135.253,0,33135.253,0,0,0,0,0.003732,0.5,0.047964,0,0,6,0.195068,1,1201
VGB,British Virgin Islands,5,0,5,7421.665,0,7421.665,0,0,0,0,0.00206,0.5,0.031004,0,0,10,0.078116,1,1201
ZMB,Zambia,8,15,23,3969.218,22040.232,26009.45,4,0.436,0.474771,64.19941,0.003199,0.275735,0.025128,0.025548,0,94,0.07713,1,1201
BRB,Barbados,5,1,6,79089.754,0.08,79089.834,1,1,1,0.672842,0.014742,0.6,0.027046,0.000917,0,19,0.109401,1,1201
BRN,Brunei,8,2,10,2767.996,35.998,2803.994,4,0.353323,0.370031,0,0.002703,0.964286,0.047219,0.008061,0,94,0.195072,1,1201
BWA,Botswana,8,3,11,7567.408,101.378,7668.786,5,0.343849,0.363685,3.429919,0.003089,0.569444,0.026332,0.004343,0,94,0.098839,1,1201
ZWE,Zimbabwe,6,8,14,19406.732,288.458,19695.19,4,0.4,0.431957,29.559283,0.003296,0.444444,0.015553,0.018381,0,94,0.061484,1,1201
ANT,,8,0,8,2001.013,0,2001.013,0,0,0,0,0.00425,0.482143,0.040617,0,0,30,0.114482,1,1201
ATF,,2,0,2,0.131,0,0.131,0,0,0,0,0.001887,1,0.011541,0,0,70,0.042544,1,1201
AZE,Azerbaijan,12,0,12,22282.766,0,22282.766,0,0,0,0,0.004594,0.522727,0.048737,0,0,52,0.23936,1,1201
BMU,,2,0,2,11.248,0,11.248,0,0,0,0,0.001902,1,0.017813,0,0,74,0.071971,1,1201
DMA,,1,0,1,0.493,0,0.493,0,0,0,0,0.001748,0,0.008856,0,0,73,0.029379,1,1201
DOM,Dominican Republic,6,7,13,2829.836,276.839,3106.675,4,0.441296,0.467125,11.913287,0.002502,0.427273,0.034213,0.026872,0,94,0.13727,1,1201
GIN,Guinea,3,0,3,53.063,0,53.063,0,0,0,0,0.001897,1,0.025379,0,0,72,0.072867,1,1201
GRL,Greenland,3,0,3,3.129,0,3.129,0,0,0,0,0.00192,0.333333,0.019572,0,0,71,0.052587,1,1201
HND,Honduras,8,6,14,6279.66,218.552,6498.212,4,0.410546,0.437691,15.723459,0.004052,0.544444,0.036942,0.015538,0,94,0.143653,1,1201
HTI,Haiti,3,0,3,182.686,0,182.686,0,0,0,0,0.002235,0.666667,0.010812,0,0,36,0.043026,1,1201
JAM,Jamaica,3,2,5,7225.944,0.886,7226.83,4,0.40824,0.429664,0,0.001965,1,0.026464,0.010584,0,94,0.097971,1,1201
KWT,Kuwait,20,1,21,1082.136,9.059,1091.195,2,0.6,0.666667,3.361529,0.009078,0.492105,0.089588,0.002061,0,3,0.402285,1,1201
MAC,Macao,4,0,4,391.251,0,391.251,0,0,0,0,0.002651,0.666667,0.020454,0,0,63,0.082063,1,1201
MDV,Maldives,7,0,7,1254.117,0,1254.117,0,0,0,0,0.002478,0.928571,0.041496,0,0,62,0.147009,1,1201
MRT,Mauritania,3,0,3,5.688,0,5.688,0,0,0,0,0.002073,0.833333,0.020889,0,0,61,0.082897,1,1201
MWI,Malawi,6,12,18,4821.708,19540.763,24362.471,4,0.469828,0.497324,44.607216,0.002675,0.461538,0.023236,0.030231,0,94,0.083122,1,1201
SHN,,2,0,2,44.456,0,44.456,0,0,0,0,0.00194,0.5,0.011938,0,0,60,0.044974,1,1201
SLV,El Salvador,9,4,13,6594.431,10.541,6604.972,4,0.406716,0.431193,27.474237,0.00388,0.536364,0.043365,0.009726,0,94,0.150589,1,1201
SPM,,1,0,1,1.519,0,1.519,0,0,0,0,0.001748,0,0.008856,0,0,59,0.029379,1,1201
SUD,Sudan,8,3,11,68.412,37.4,105.812,4,0.392086,0.414755,18.607799,0.002642,0.366667,0.040506,0.005221,0,94,0.111711,1,1201
SUR,Suriname,7,0,7,1037.967,0,1037.967,0,0,0,0,0.002538,0.690476,0.046458,0,0,18,0.165876,1,1201
SWZ,Eswatini,6,3,9,3415.579,480.475,3896.054,5,0.344392,0.36445,6.668411,0.002498,0.5,0.031031,0.005388,0,94,0.135501,1,1201
TTO,Trinidad and Tobago,6,10,16,51462.31,586.527,52048.837,4,0.416031,0.449159,168.343596,0.002343,0.214286,0.040906,0.017107,0,94,0.147081,1,1201
UGA,Uganda,7,20,27,376.663,7069.25,7445.913,4,0.459916,0.501911,332.873674,0.003285,0.229437,0.032065,0.037817,0,94,0.102898,1,1201
VCT,Saint Vincent and the Grenadines,3,0,3,230.355,0,230.355,0,0,0,0,0.002055,0.5,0.014712,0,0,12,0.053959,1,1201
YEM,Yemen,7,1,8,253.789,0.108,253.897,1,1,1,0.5,0.00307,0.535714,0.032098,0.003852,0,8,0.101539,1,1201
ZAR,Congo [DRC],6,0,6,210.352,0,210.352,0,0,0,0,0.002428,0.633333,0.024332,0,0,7,0.085612,1,1201
AFG,Afghanistan,9,0,9,3234.572,0,3234.572,0,0,0,0,0.00485,0.555556,0.050405,0,0,45,0.19261,1,1201
ATG,,4,0,4,860.784,0,860.784,0,0,0,0,0.00262,0.416667,0.016766,0,0,83,0.067147,1,1201
BHS,"Bahamas, The",2,0,2,18.526,0,18.526,0,0,0,0,0.001888,1,0.017608,0,0,82,0.068592,1,1201
DJI,,3,0,3,1617.653,0,1617.653,0,0,0,0,0.001952,0.833333,0.018408,0,0,80,0.049425,1,1201
ERI,,3,0,3,63.809,0,63.809,0,0,0,0,0.001888,0.5,0.016993,0,0,81,0.031356,1,1201
ETH,Ethiopia,7,18,25,830.071,12958.107,13788.178,3,0.440404,0.482416,52.513683,0.002802,0.300395,0.036513,0.058186,0,94,0.130348,1,1201
GNQ,,2,0,2,0.181,0,0.181,0,0,0,0,0.002085,0.5,0.009246,0,0,79,0.029244,1,1201
KHM,Cambodia,5,6,11,3522.251,13317.866,16840.117,4,0.387211,0.41552,0,0.002256,0.857143,0.030515,0.023383,0,94,0.101814,1,1201
KIR,Kiribati,1,0,1,0.084,0,0.084,0,0,0,0,0.001735,0,0.008651,0,0,78,0.026,1,1201
LBY,Libya,8,0,8,318.005,0,318.005,0,0,0,0,0.006654,0.357143,0.034,0,0,27,0.118377,1,1201
MHL,Marshall Islands,1,0,1,8.475,0,8.475,0,0,0,0,0.001735,0,0.008651,0,0,77,0.026,1,1201
MMR,Myanmar,5,5,10,97.093,593.273,690.366,4,0.440404,0.46292,1.19205,0.002274,0.866667,0.030222,0.018743,0,94,0.108519,1,1201
MNG,,6,0,6,181.903,0,181.903,0,0,0,0,0.002585,0.6,0.036111,0,0,76,0.153143,1,1201
NER,,2,2,4,4.079,6.474,10.553,5,0.292617,0.306881,0,0.002074,0.333333,0.010271,0.005326,0,94,0.034931,1,1201
SEN,Senegal,6,0,6,199.916,0,199.916,0,0,0,0,0.002721,0.366667,0.029719,0,0,31,0.103372,1,1201
SSD,South Sudan,1,0,1,2.524,0,2.524,0,0,0,0,0.001735,0,0.008651,0,0,49,0.026,1,1201
TCD,,2,0,2,715.718,0,715.718,0,0,0,0,0.001888,1,0.017608,0,0,48,0.068592,1,1201
TMP,Timor-Leste,5,0,5,1055.626,0,1055.626,0,0,0,0,0.002291,0.6,0.024642,0,0,14,0.083889,1,1201
TON,Tonga,3,0,3,1.647,0,1.647,0,0,0,0,0.0023,0.5,0.011796,0,0,34,0.060074,1,1201
TZA,Tanzania,8,23,31,281.13,2314.304,2595.434,4,0.449485,0.498471,254.689041,0.002799,0.229231,0.033466,0.052234,0,94,0.121676,1,1201
WSM,Samoa,2,0,2,16.172,0,16.172,0,0,0,0,0.001826,1,0.015188,0,0,9,0.0494,1,1201
MLI,Mali,5,3,8,13.263,12.933,26.196,4,0.327327,0.34289,2.939694,0.002736,0.428571,0.029645,0.006117,0,94,0.080884,1,1201
FRE,Free Zones,2,0,2,2800132.391,0,2800132.391,0,0,0,0,0.001979,0,0.005347,0,0,87,0.013014,1,1201
RWA,Rwanda,4,2,6,190.033,1.632,191.665,5,0.315942,0.331193,4.313173,0.002282,0.4,0.005967,0.001234,0,94,0.025357,1,1201
BUN,Bunkers,6,0,6,5.501,0,5.501,0,0,0,0,0.002733,0.366667,0.024164,0,0,54,0.113755,1,1201
ISL,Iceland,9,0,9,504.389,0,504.389,0,0,0,0,0.003589,0.722222,0.053209,0,0,55,0.267266,1,1201
MDA,Moldova,11,23,34,27739.981,77567.017,105306.998,4,0.441296,0.49159,77.243326,0.004135,0.311966,0.051564,0.065345,0,94,0.280953,1,1201
FRO,Faroe Islands,4,0,4,46.613,0,46.613,0,0,0,0,0.002289,0.583333,0.025886,0,0,75,0.107715,1,1201
PSE,,1,1,2,542.43,0.115,542.545,5,0.293801,0.303823,0.571429,0.00186,0,0.002974,0.003476,0,94,0.011728,1,1201
AND,,4,0,4,5.675,0,5.675,0,0,0,0,0.002326,0.166667,0.013165,0,0,84,0.052806,1,1201
GMB,Gambia,2,1,3,0.398,8.169,8.567,5,0.332824,0.350459,0,0.002018,0.666667,0.011255,0.005439,0,94,0.045007,1,1201
LBR,Liberia,8,0,8,95.358,0,95.358,0,0,0,0,0.003369,0.517857,0.038395,0,0,1,0.162786,1,1201
EUN,European Union,0,107,107,0,364214.146,364214.146,3,0.657658,0.74277,0,0.001671,0.075295,0,0.21978,0,95,0,1,1201
GNB,Guinea-Bissau,2,0,2,0.69,0,0.69,0,0,0,0,0.001926,0,0.008558,0,0,88,0.020357,1,1201
MNT,Montenegro,4,0,4,455.163,0,455.163,0,0,0,0,0.002839,0.75,0.012599,0,0,56,0.03724,1,1201
MYT,,3,0,3,6424.052,0,6424.052,0,0,0,0,0.001966,0.5,0.023843,0,0,92,0.075837,1,1201
NIC,Nicaragua,6,7,13,34834.594,1651.785,36486.379,4,0.404453,0.433104,6.144786,0.003269,0.344444,0.027818,0.015598,0,94,0.111646,1,1201
STP,Sao Tome and Principe,2,0,2,9.463,0,9.463,0,0,0,0,0.001926,0,0.008558,0,0,16,0.020357,1,1201
TKM,Turkmenistan,4,0,4,112.379,0,112.379,0,0,0,0,0.002234,0.25,0.018742,0,0,26,0.063627,1,1201
NRU,,2,0,2,1.295,0,1.295,0,0,0,0,0.005348,0,0,0,0,41,0.004689,1,1201
VUT,,2,0,2,0.112,0,0.112,0,0,0,0,0.001973,1,0.007433,0,0,13,0.037532,1,1201
GRD,,4,0,4,10373.208,0,10373.208,0,0,0,0,0.002301,0.666667,0.020466,0,0,22,0.082213,1,1201
KNA,,2,0,2,0.931,0,0.931,0,0,0,0,0.001956,0.5,0.008426,0,0,20,0.024026,1,1201
SYC,Seychelles,5,0,5,12.958,0,12.958,0,0,0,0,0.003318,0.6,0.018099,0,0,15,0.074225,1,1201
TJK,,4,0,4,370.51,0,370.51,0,0,0,0,0.002708,0.583333,0.009626,0,0,24,0.063149,1,1201
KGZ,Kyrgyzstan,3,3,6,2408.122,101.688,2509.81,4,0.348243,0.367355,3.223368,0.00264,0.35,0.011241,0.008001,0,94,0.078427,1,1201
COM,,3,0,3,0.791,0,0.791,0,0,0,0,0.0033,0.333333,0.00372,0,0,38,0.018051,1,1201
SOM,,2,0,2,2290.921,0,2290.921,0,0,0,0,0.001934,1,0.003097,0,0,50,0.011944,1,1201
GUM,Guam,3,0,3,10.145,0,10.145,0,0,0,0,0.002106,0.833333,0.011985,0,0,86,0.064884,1,1201
MNP,Northern Mariana Islands,2,0,2,4.476,0,4.476,0,0,0,0,0.002014,0.5,0.005448,0,0,85,0.041484,1,1201
LAO,Lao PDR,2,2,4,617.953,825.715,1443.668,4,0.369492,0.390291,0,0.001956,1,0.009506,0.007415,0,94,0.037619,1,1201
CAF,,1,0,1,0.085,0,0.085,0,0,0,0,0.002113,0,0.001032,0,0,93,0.013601,1,1201
LSO,Lesotho,2,1,3,916.127,9.383,925.51,5,0.341693,0.357569,0,0.001995,1,0.005854,0.002821,0,94,0.036156,1,1201
WLF,,1,0,1,0.022,0,0.022,0,0,0,0,0.003944,0,0,0,0,39,0.002899,1,1201
COK,Cook Islands,1,0,1,0.067,0,0.067,0,0,0,0,0.002105,0,0.000372,0,0,43,0.013513,1,1201
PLW,Palau,1,0,1,3.749,0,3.749,0,0,0,0,0.001803,0,0.002772,0,0,35,0.020561,1,1201
BDI,Burundi,4,0,4,621.507,0,621.507,0,0,0,0,0.003076,0.666667,0.006038,0,0,32,0.02795,1,1201
CXR,,1,0,1,0.043,0,0.043,0,0,0,0,0.001822,0,0.004486,0,0,89,0.020708,1,1201
SLB,,0,1,1,0,0.51,0.51,1,1,1,0,0.001671,0,0,0,0,96,0,1,1201
ASM,,1,0,1,0.022,0,0.022,0,0,0,0,0.001763,0,0.006537,0,0,90,0.0234,1,1201
AIA,,1,0,1,0.839,0,0.839,0,0,0,0,0.00187,0,0.000554,0,0,23,0.006538,1,1201
ESH,,1,0,1,0.085,0,0.085,0,0,0,0,0.001775,0,0.001691,0,0,91,0.005735,1,1201
IOT,British Indian Ocean Ter.,0,0,0,0,0,0,0,0,0,0,0.001671,0,0,0,1,97,0,1,1201
SPE,Special Categories,0,0,0,0,0,0,0,0,0,0,0.001671,0,0,0,2,98,0,1,1201
MAR,Morocco,27,3,30,323633.008,0.228,323633.236,5,0.351911,0.373454,36.478136,0.00485,0.487685,0.116734,0.005455,0,89,0.475517,2,1201
CPV,Cape Verde,6,0,6,152.874,0,152.874,0,0,0,0,0.003408,0.6,0.024767,0,0,58,0.096365,2,1201
ESP,Spain,40,55,95,16491944.84,85787.6,16577732.44,4,0.536408,0.605958,751.66401,0.009065,0.238014,0.140957,0.142493,0,89,0.691331,2,1201
MLI,Mali,8,2,10,129.079,14.819,143.898,4,0.383681,0.403092,12.045994,0.003869,0.5,0.027621,0.005518,0,89,0.111253,2,1201
AFG,Afghanistan,8,1,9,5208.522,459.078,5667.6,5,0.30274,0.314253,1.074278,0.003208,0.410714,0.028807,0.002251,0,89,0.104522,2,1201
PAK,Pakistan,21,11,32,5799523.817,802.223,5800326.04,4,0.433333,0.465686,266.938371,0.007266,0.407407,0.079791,0.028945,0,89,0.319694,2,1201
AGO,Angola,16,3,19,7038.002,51.317,7089.319,5,0.292715,0.308371,29.977949,0.004011,0.421569,0.062035,0.002211,0,89,0.256306,2,1201
NAM,Namibia,7,6,13,326.786,41.908,368.694,4,0.404762,0.431373,166.717911,0.003917,0.390909,0.019096,0.017699,0,89,0.077172,2,1201
STP,Sao Tome and Principe,4,0,4,55.937,0,55.937,0,0,0,0,0.003,0.5,0.014569,0,0,30,0.054522,2,1201
ZAR,Congo [DRC],13,3,16,1465.623,70.818,1536.441,5,0.364086,0.384389,68.435855,0.004646,0.455128,0.044702,0.005277,0,89,0.152579,2,1201
ARE,United Arab Emirates,48,10,58,295705.213,165.197,295870.41,5,0.358185,0.386652,512.450292,0.019642,0.278788,0.140593,0.015751,0,89,0.685331,2,1201
AZE,Azerbaijan,17,0,17,60582.015,0,60582.015,0,0,0,0,0.007055,0.529412,0.056343,0,0,38,0.326443,2,1201
BHR,Bahrain,18,5,23,1045.304,7.811,1053.115,4,0.412313,0.437406,493.243798,0.012039,0.424242,0.058863,0.012513,0,89,0.316761,2,1201
KWT,Kuwait,17,5,22,1700.183,12.462,1712.645,5,0.344774,0.36365,27.236946,0.006465,0.5,0.069747,0.013271,0,89,0.331313,2,1201
LBR,Liberia,13,0,13,388.379,0,388.379,0,0,0,0,0.00488,0.666667,0.060593,0,0,45,0.254909,2,1201
OMN,Oman,14,2,16,726.495,5.241,731.736,6,0.264988,0.278582,14.19159,0.007179,0.519048,0.057788,0.004458,0,89,0.272975,2,1201
QAT,Qatar,24,0,24,1867.921,0,1867.921,0,0,0,0,0.0088,0.458333,0.084609,0,0,26,0.435304,2,1201
SEN,Senegal,16,4,20,7437.77,1997.152,9434.922,4,0.415414,0.438914,304.871998,0.008192,0.382353,0.059714,0.009423,0,89,0.263684,2,1201
SYC,Seychelles,7,0,7,1878.614,0,1878.614,0,0,0,0,0.003832,0.452381,0.028055,0,0,13,0.110238,2,1201
SYR,Syrian Arab Republic,8,0,8,80382.311,0,80382.311,0,0,0,0,0.003921,0.535714,0.03189,0,0,12,0.128902,2,1201
TZA,Tanzania,16,28,44,50226.429,96115.82,146342.249,4,0.518779,0.554676,675.765125,0.006148,0.349432,0.050665,0.075502,0,89,0.208463,2,1201
ARG,Argentina,16,47,63,10282146.12,27313380.86,37595526.98,4,0.54703,0.599925,148.888456,0.003931,0.337647,0.068942,0.131251,0,89,0.279043,2,1201
BEL,Belgium,34,54,88,1928374.838,438824.645,2367199.483,4,0.54703,0.610483,452.41849,0.008148,0.2872,0.123429,0.153846,0,89,0.621996,2,1201
BGD,Bangladesh,19,1,20,5882397.726,0.01,5882397.736,4,0.3536,0.365762,8.608372,0.004331,0.573684,0.074003,0.00059,0,89,0.301721,2,1201
BOL,Bolivia,4,18,22,33368.521,793618.014,826986.535,4,0.461378,0.5,2.918425,0.001935,0.444444,0.015887,0.044839,0,89,0.036906,2,1201
BRA,Brazil,15,95,110,1709649.568,285121741.8,286831391.4,3,0.631429,0.71267,480.106693,0.003363,0.167544,0.06558,0.215714,0,89,0.264272,2,1201
CAN,Canada,46,100,146,2026674.031,20195321.09,22221995.12,3,0.64058,0.723982,1855.61926,0.011594,0.166639,0.140826,0.231047,0,89,0.678437,2,1201
CHL,Chile,23,22,45,298041.778,114059.943,412101.721,4,0.503417,0.535822,142.061785,0.004969,0.513793,0.098018,0.069669,0,89,0.415255,2,1201
CHN,China,47,118,165,367040500.2,1074861.219,368115361.4,3,0.677914,0.76546,3102.442189,0.011676,0.115208,0.135226,0.23152,0,89,0.709844,2,1201
COL,Colombia,12,8,20,2214640.464,826.436,2215466.9,4,0.443775,0.470211,22.343583,0.002771,0.422794,0.055775,0.017841,0,89,0.185104,2,1201
CRI,Costa Rica,11,5,16,1233766.348,46.408,1233812.756,4,0.435897,0.459276,12.131356,0.00365,0.55303,0.050006,0.016083,0,89,0.182167,2,1201
CUB,Cuba,7,0,7,363035.123,0,363035.123,0,0,0,0,0.002191,0.738095,0.036676,0,0,48,0.110735,2,1201
EGY,"Egypt, Arab Rep.",19,33,52,12667137.09,2725.47,12669862.56,4,0.501134,0.550905,316.069116,0.004163,0.317653,0.09044,0.092365,0,89,0.319597,2,1201
FRA,France,55,84,139,2143530.606,498577.202,2642107.808,3,0.612188,0.687783,2115.938233,0.02001,0.194692,0.160982,0.212775,0,89,0.885549,2,1201
GBR,United Kingdom,50,73,123,3238575.843,35394.598,3273970.441,3,0.595687,0.66365,1084.664596,0.011464,0.227212,0.160913,0.197314,0,89,0.835499,2,1201
GRC,Greece,27,6,33,1162311.555,5596.796,1167908.351,4,0.389085,0.414781,18.290321,0.005372,0.576355,0.118566,0.017449,0,89,0.533477,2,1201
HKG,"Hong Kong, China",33,8,41,196203.725,9964.501,206168.226,4,0.465263,0.487557,225.91907,0.007981,0.41967,0.123839,0.018831,0,89,0.587846,2,1201
IDN,Indonesia,26,18,44,10582911.56,28395.197,10611306.76,3,0.487859,0.518854,110.172807,0.005489,0.422689,0.104585,0.057861,0,89,0.413476,2,1201
IND,India,42,99,141,503142.816,892033.546,1395176.362,3,0.633238,0.719457,1996.426688,0.011177,0.154292,0.128502,0.208129,0,89,0.570917,2,1201
IRN,"Iran, Islamic Rep.",20,14,34,7185661.432,254.598,7185916.03,4,0.428295,0.465686,112.408722,0.005178,0.383871,0.087407,0.034063,0,89,0.378019,2,1201
ITA,Italy,50,54,104,6707863.341,226566.538,6934429.879,4,0.533816,0.602941,549.940446,0.010417,0.261982,0.159887,0.145614,0,89,0.80868,2,1201
JPN,Japan,41,21,62,16017686.08,3655.388,16021341.47,3,0.502273,0.533183,284.44824,0.009701,0.385638,0.135841,0.075367,0,89,0.633436,2,1201
LBN,Lebanon,20,11,31,572422.384,309.523,572731.907,4,0.419355,0.453243,27.38848,0.003761,0.402709,0.094185,0.025321,0,89,0.350514,2,1201
MYS,Malaysia,35,20,55,3086845.342,94278.659,3181124.001,4,0.480435,0.516968,192.997183,0.007889,0.394241,0.128328,0.056149,0,89,0.549816,2,1201
NGA,Nigeria,22,27,49,116680.422,71810.817,188491.239,4,0.501134,0.541855,494.126718,0.007104,0.346069,0.091424,0.081795,0,89,0.368806,2,1201
NPL,Nepal,13,7,20,269025.352,43.125,269068.477,4,0.472222,0.491327,5.372649,0.003255,0.544118,0.056125,0.026941,0,89,0.196669,2,1201
OAS,"Other Asia, nes",34,47,81,11250903.19,1328.73,11252231.92,3,0.54703,0.599548,845.319066,0.007599,0.220518,0.122761,0.096737,0,89,0.575068,2,1201
PAN,Panama,15,0,15,153237.08,0,153237.08,0,0,0,0,0.003485,0.580952,0.065679,0,0,32,0.236097,2,1201
PER,Peru,11,12,23,1186691.418,192.818,1186884.236,4,0.45102,0.482278,19.255616,0.002775,0.457895,0.049858,0.035982,0,89,0.173671,2,1201
PHL,Philippines,21,10,31,741209.193,641.913,741851.106,3,0.462343,0.487934,51.824305,0.004649,0.576667,0.091016,0.033592,0,89,0.395267,2,1201
PRT,Portugal,26,29,55,3436629.81,35222.47,3471852.28,4,0.501134,0.544872,311.678862,0.005415,0.322259,0.114911,0.07001,0,89,0.545644,2,1201
PRY,Paraguay,5,52,57,87194.767,20489551.71,20576746.48,3,0.553885,0.61086,17.959457,0.001992,0.308824,0.017191,0.14646,0,89,0.047796,2,1201
RUS,Russian Federation,40,29,69,8372433.541,1863514.148,10235947.69,3,0.506881,0.548265,398.418972,0.010403,0.351299,0.136194,0.077983,0,89,0.701204,2,1201
SAU,Saudi Arabia,30,2,32,1478696.289,209.345,1478905.634,5,0.302326,0.316893,226.228541,0.012127,0.490323,0.11985,0.005627,0,89,0.531638,2,1201
SGP,Singapore,41,32,73,208000.048,4441.724,212441.772,3,0.502273,0.549774,545.559127,0.010434,0.312369,0.127926,0.084343,0,89,0.617721,2,1201
THA,Thailand,34,41,75,12483328.74,26071.122,12509399.86,3,0.540342,0.586727,506.915284,0.007391,0.291289,0.115347,0.111767,0,89,0.481133,2,1201
TUN,Tunisia,12,2,14,2240195.023,664.99,2240860.013,4,0.381693,0.40083,3.144178,0.002662,0.576923,0.058011,0.005861,0,89,0.192403,2,1201
TUR,Turkey,39,58,97,10011871.7,646514.639,10658386.34,4,0.5525,0.619532,841.338002,0.008932,0.213453,0.127183,0.145677,0,89,0.601075,2,1201
UNS,Unspecified,16,0,16,182454.429,0,182454.429,0,0,0,0,0.004899,0.454167,0.055643,0,0,11,0.279541,2,1201
URY,Uruguay,9,41,50,318438.978,11779541.33,12097980.31,4,0.542998,0.588612,66.386947,0.002524,0.354239,0.039873,0.120762,0,89,0.145266,2,1201
USA,United States,71,120,191,4223494.588,232571033.5,236794528.1,3,0.682099,0.769985,6414.542947,0.025113,0.126307,0.176841,0.246038,0,89,1,2,1201
VEN,Venezuela,11,1,12,522555.267,0.413,522555.68,1,1,1,4.788016,0.004173,0.371212,0.035668,0.000437,0,2,0.123021,2,1201
VNM,Vietnam,39,32,71,7341892.291,5866.477,7347758.768,3,0.523697,0.563348,299.86346,0.00812,0.321429,0.135194,0.092121,0,89,0.594071,2,1201
ZAF,South Africa,34,55,89,242312.783,236807.426,479120.209,3,0.566667,0.622172,1324.861448,0.009179,0.223003,0.1165,0.118716,0,89,0.463438,2,1201
AUS,Australia,26,15,41,16784.337,41619.076,58403.413,3,0.484649,0.512066,127.959795,0.006099,0.400568,0.093389,0.041342,0,89,0.460819,2,1201
CXR,,4,0,4,2.299,0,2.299,0,0,0,0,0.002926,0.416667,0.005315,0,0,23,0.05701,2,1201
FJI,Fiji,4,5,9,325.294,6.703,331.997,5,0.30274,0.322926,8.827313,0.002559,0.214286,0.013887,0.004847,0,89,0.076717,2,1201
KOR,"Korea, Rep.",28,43,71,6088677.437,4704.63,6093382.067,3,0.533816,0.585973,728.460511,0.00807,0.242488,0.107794,0.102917,0,89,0.50953,2,1201
NCL,New Caledonia,6,0,6,1755.865,0,1755.865,0,0,0,0,0.002948,0.433333,0.020105,0,0,22,0.108185,2,1201
NZL,New Zealand,20,11,31,10558.706,31.772,10590.478,4,0.427466,0.460407,632.274162,0.005483,0.306878,0.077406,0.011234,0,89,0.381088,2,1201
PNG,Papua New Guinea,8,0,8,2101.236,0,2101.236,0,0,0,0,0.003216,0.910714,0.030359,0,0,16,0.179378,2,1201
AUT,Austria,29,72,101,566316.899,457784.741,1024101.64,3,0.589333,0.659125,356.090398,0.006928,0.267504,0.10182,0.205901,0,89,0.591291,2,1201
BGR,Bulgaria,25,9,34,36675.369,9008.421,45683.79,4,0.413084,0.444193,25.950724,0.005939,0.637566,0.098904,0.025098,0,89,0.550175,2,1201
BIH,Bosnia and Herzegovina,12,8,20,140851.022,21858.189,162709.211,4,0.423372,0.452112,6.685291,0.003394,0.614286,0.05018,0.0231,0,89,0.228503,2,1201
BLR,Belarus,11,4,15,840358.041,14655.1,855013.141,4,0.382353,0.404977,0.723729,0.003244,0.737179,0.052224,0.011555,0,89,0.236247,2,1201
CHE,Switzerland,36,28,64,517883.857,1824.855,519708.712,4,0.503417,0.544872,85.127431,0.007036,0.468816,0.136597,0.09393,0,89,0.645622,2,1201
CYP,Cyprus,22,0,22,19705.332,0,19705.332,0,0,0,0,0.005806,0.627706,0.088196,0,0,35,0.467169,2,1201
CZE,Czech Republic,25,36,61,108821.005,65686.727,174507.732,4,0.470213,0.53356,157.253292,0.006864,0.420719,0.098467,0.102569,0,89,0.53375,2,1201
DEU,Germany,53,68,121,13809831.07,372435.669,14182266.73,3,0.580052,0.648567,1166.641945,0.012895,0.233242,0.163436,0.178278,0,89,0.909079,2,1201
DNK,Denmark,31,35,66,129657.491,12134.592,141792.083,3,0.512761,0.561086,340.967884,0.008886,0.423362,0.114727,0.103953,0,89,0.647702,2,1201
DZA,Algeria,17,1,18,1702238.878,0.007,1702238.885,5,0.294274,0.304223,1.800524,0.003597,0.663399,0.086721,0.001685,0,89,0.350155,2,1201
EST,Estonia,19,4,23,4516.436,3629.54,8145.976,4,0.342636,0.360106,6.201544,0.006267,0.760526,0.072235,0.00979,0,89,0.428779,2,1201
FIN,Finland,19,9,28,127146.494,2123.394,129269.888,3,0.470213,0.492459,122.428182,0.006128,0.575385,0.077665,0.025167,0,89,0.443104,2,1201
GEO,Georgia,18,4,22,48700.386,988.808,49689.194,4,0.370184,0.392534,10.408487,0.004659,0.516667,0.074077,0.00982,0,89,0.349775,2,1201
HRV,Croatia,21,32,53,31811.212,797708.26,829519.472,4,0.460417,0.519985,71.92481,0.005428,0.469048,0.085078,0.090739,0,89,0.436524,2,1201
HUN,Hungary,25,42,67,481325.385,400388.126,881713.511,4,0.502273,0.565234,121.620992,0.005944,0.369082,0.088432,0.119426,0,89,0.50886,2,1201
IRL,Ireland,19,7,26,116425.295,5673.797,122099.092,4,0.413858,0.441554,2.937768,0.004433,0.652174,0.08682,0.024235,0,89,0.442985,2,1201
ISR,Israel,19,18,37,1498594.776,518,1499112.776,4,0.473233,0.508673,44.749741,0.004015,0.436559,0.089954,0.054802,0,89,0.345052,2,1201
JOR,Jordan,19,4,23,14751.282,111.333,14862.615,4,0.376491,0.399698,84.985144,0.005951,0.490119,0.085258,0.007161,0,89,0.364257,2,1201
KAZ,Kazakhstan,19,13,32,75359.652,94670.092,170029.744,4,0.439364,0.474359,80.401129,0.005287,0.424501,0.078226,0.027963,0,89,0.380546,2,1201
LBY,Libya,11,0,11,3312.651,0,3312.651,0,0,0,0,0.00392,0.572727,0.046739,0,0,29,0.20158,2,1201
LTU,Lithuania,23,17,40,43394.36,14587.089,57981.449,4,0.425819,0.467949,94.363142,0.007277,0.578818,0.091534,0.05056,0,89,0.518291,2,1201
LUX,Luxembourg,17,8,25,29800.842,141.373,29942.215,4,0.40255,0.432504,5.909141,0.004,0.660526,0.068573,0.025129,0,89,0.365965,2,1201
LVA,Latvia,14,4,18,4253.022,5024.177,9277.199,4,0.350238,0.372172,4.74513,0.004779,0.804762,0.057793,0.010635,0,89,0.308203,2,1201
MDA,Moldova,14,18,32,18713.584,94314.728,113028.312,4,0.444668,0.486048,13.742439,0.003529,0.57,0.060588,0.056782,0,89,0.29017,2,1201
MLT,Malta,14,0,14,410.933,0,410.933,0,0,0,0,0.003889,0.840659,0.065044,0,0,33,0.339241,2,1201
MNT,Montenegro,10,0,10,5010.374,0,5010.374,0,0,0,0,0.00313,0.644444,0.039666,0,0,34,0.171655,2,1201
NLD,Netherlands,51,105,156,17156435.24,5026297.987,22182733.23,3,0.65,0.735294,1988.505516,0.013806,0.155697,0.15333,0.248085,0,89,0.851832,2,1201
NOR,Norway,26,5,31,1918787.528,193.471,1918980.999,4,0.403285,0.428356,7.113748,0.00597,0.581197,0.110048,0.016765,0,89,0.543814,2,1201
POL,Poland,29,41,70,528104.522,105945.971,634050.493,4,0.490022,0.55543,138.267895,0.006258,0.381633,0.114599,0.114818,0,89,0.613088,2,1201
ROM,Romania,26,33,59,895245.656,612945.462,1508191.118,4,0.487859,0.541855,62.685046,0.005748,0.493599,0.102962,0.102793,0,89,0.522579,2,1201
SER,"Serbia, FR(Serbia/Montenegro)",21,43,64,496843.375,445256.758,942100.133,4,0.515152,0.575038,138.198994,0.005442,0.369565,0.075879,0.119679,0,89,0.396181,2,1201
SLE,Sierra Leone,9,1,10,63.574,0.057,63.631,4,0.406998,0.426094,0,0.002445,0.777778,0.050921,0.004989,0,89,0.17236,2,1201
SVK,Slovak Republic,18,22,40,67887.724,350108.496,417996.22,4,0.46723,0.510181,19.681032,0.004179,0.693333,0.076646,0.071882,0,89,0.388745,2,1201
SVN,Slovenia,17,12,29,38987.396,53112.592,92099.988,4,0.404762,0.440045,3.734228,0.003802,0.80117,0.07403,0.035197,0,89,0.363115,2,1201
SWE,Sweden,33,16,49,144724.441,2649.287,147373.728,4,0.482533,0.512443,175.278619,0.009304,0.514936,0.120015,0.053571,0,89,0.701163,2,1201
UKR,Ukraine,25,77,102,57944.619,8470728.092,8528672.711,3,0.590909,0.667421,642.897412,0.006862,0.229589,0.096662,0.198795,0,89,0.496008,2,1201
BDI,Burundi,3,4,7,1406.108,47.252,1453.36,5,0.355878,0.374585,0.582322,0.002382,0.65,0.004912,0.007994,0,89,0.01747,2,1201
UGA,Uganda,17,27,44,2110.728,42965.867,45076.595,4,0.509217,0.547134,371.050477,0.005975,0.355556,0.047395,0.080192,0,89,0.169315,2,1201
COG,Congo [Republic],12,0,12,136.004,0,136.004,0,0,0,0,0.003136,0.560606,0.052511,0,0,57,0.207288,2,1201
GAB,Gabon,6,0,6,22624.371,0,22624.371,0,0,0,0,0.002469,0.5,0.02704,0,0,56,0.108919,2,1201
GHA,Ghana,18,19,37,5500.325,24987.559,30487.884,4,0.495516,0.526018,94.447819,0.004224,0.408832,0.073994,0.054494,0,89,0.295198,2,1201
GMB,Gambia,4,0,4,342.238,0,342.238,0,0,0,0,0.001875,0.416667,0.022298,0,0,54,0.052926,2,1201
MKD,North Macedonia,11,10,21,2750.77,22.73,2773.5,4,0.442886,0.472851,29.52068,0.003716,0.429825,0.040643,0.027329,0,89,0.218023,2,1201
BEN,Benin,8,25,33,207.715,41365.921,41573.636,4,0.498871,0.53733,8.348161,0.002499,0.487685,0.041625,0.077388,0,89,0.154548,2,1201
LKA,Sri Lanka,14,28,42,22152.048,1723.421,23875.469,3,0.496629,0.53997,43.012181,0.003329,0.347795,0.053497,0.086499,0,89,0.20487,2,1201
MMR,Myanmar,11,20,31,61722.506,22729.259,84451.765,3,0.493304,0.525641,11.71144,0.002922,0.467236,0.046206,0.063245,0,89,0.169707,2,1201
TGO,Togo,9,22,31,4611.767,75949.763,80561.53,4,0.511574,0.541101,61.819649,0.002807,0.481884,0.039738,0.064598,0,89,0.154478,2,1201
BFA,Burkina Faso,4,11,15,60.048,23029.525,23089.573,4,0.464286,0.491327,3.508067,0.002369,0.628788,0.007201,0.030215,0,89,0.043913,2,1201
CIV,Cote d'Ivoire,11,16,27,668.58,924.849,1593.429,4,0.481481,0.511689,88.190827,0.004642,0.321429,0.034604,0.044007,0,89,0.150267,2,1201
ETH,Ethiopia,5,42,47,257.231,278562.516,278819.747,3,0.544335,0.590498,253.478279,0.005839,0.352713,0.020908,0.124384,0,89,0.105928,2,1201
FRE,Free Zones,2,0,2,6469758.164,0,6469758.164,0,0,0,0,0.003707,0,0.00376,0,0,72,0.017096,2,1201
BLZ,,2,3,5,312.643,30.18,342.823,4,0.408503,0.430618,0.642857,0.002341,0.5,0.007196,0.005784,0,89,0.042663,2,1201
HND,Honduras,5,3,8,10835.993,1.591,10837.584,4,0.425819,0.44721,10.894579,0.004238,0.466667,0.008001,0.010831,0,89,0.056487,2,1201
JAM,Jamaica,4,4,8,28905.546,8.347,28913.893,7,0.190189,0.205139,7.008756,0.002633,0.285714,0.020155,0.003059,0,89,0.087808,2,1201
ECU,Ecuador,4,5,9,60365.291,88.318,60453.609,4,0.441118,0.463424,5.062576,0.002369,0.535714,0.009725,0.021146,0,89,0.051157,2,1201
BHS,"Bahamas, The",6,0,6,5614.717,0,5614.717,0,0,0,0,0.002289,0.766667,0.034572,0,0,59,0.145667,2,1201
CMR,Cameroon,9,2,11,62.992,8821.57,8884.562,5,0.335357,0.349321,4.056645,0.002574,0.563636,0.04399,0.003177,0,89,0.165466,2,1201
CYM,Cayman Islands,6,0,6,2027.79,0,2027.79,0,0,0,0,0.002737,0.6,0.028663,0,0,47,0.121141,2,1201
DOM,Dominican Republic,7,3,10,74266.038,173.165,74439.203,4,0.410019,0.432127,12.491461,0.00234,0.597222,0.041595,0.008027,0,89,0.157347,2,1201
GNQ,,3,0,3,17.758,0,17.758,0,0,0,0,0.001735,0.666667,0.018617,0,0,53,0.03555,2,1201
GUY,Guyana,6,2,8,2901.017,8.506,2909.523,4,0.406998,0.427602,0.3171,0.002827,0.714286,0.032018,0.00611,0,89,0.131254,2,1201
KHM,Cambodia,12,6,18,18964.124,985.226,19949.35,4,0.382353,0.407617,0.78684,0.003767,0.848485,0.049426,0.021172,0,89,0.259498,2,1201
LCA,Saint Lucia,2,0,2,1334447.699,0,1334447.699,0,0,0,0,0.001817,1,0.013028,0,0,52,0.045609,2,1201
MEX,Mexico,11,4,15,22382594.1,8836.022,22391430.12,4,0.413084,0.436652,20.646667,0.002608,0.489011,0.057495,0.009027,0,89,0.179469,2,1201
MHL,Marshall Islands,4,0,4,4.938,0,4.938,0,0,0,0,0.002061,0.583333,0.016079,0,0,51,0.069474,2,1201
MOZ,Mozambique,14,17,31,77304.137,58464.558,135768.695,4,0.479393,0.511689,63.681181,0.003571,0.396923,0.051146,0.054755,0,89,0.171785,2,1201
MUS,Mauritius,14,1,15,2476.008,4.682,2480.69,4,0.380379,0.397813,1.957111,0.004139,0.494505,0.049421,0.004542,0,89,0.221363,2,1201
NIC,Nicaragua,4,6,10,8587.408,1743.685,10331.093,4,0.410019,0.436652,3.295271,0.002536,0.464286,0.02,0.010393,0,89,0.076922,2,1201
SUD,Sudan,11,3,14,949.283,35.011,984.294,5,0.339478,0.358748,2.667714,0.00301,0.5,0.047044,0.008905,0,89,0.161526,2,1201
SUR,Suriname,9,0,9,754.036,0,754.036,0,0,0,0,0.004578,0.527778,0.039709,0,0,3,0.140523,2,1201
TCA,,1,0,1,40263.172,0,40263.172,0,0,0,0,0.001639,0,0.006086,0,0,50,0.009682,2,1201
VGB,British Virgin Islands,6,0,6,30574.701,0,30574.701,0,0,0,0,0.00207,0.6,0.034335,0,0,0,0.095247,2,1201
BRB,Barbados,5,1,6,96498.299,0.328,96498.627,6,0.231414,0.238537,220.278408,0.002554,0.366667,0.026559,0.000196,0,89,0.095427,2,1201
VCT,Saint Vincent and the Grenadines,2,1,3,207.177,102.441,309.618,5,0.299864,0.310633,436,0.003958,0.5,0.006947,0.001134,0,89,0.039638,2,1201
BRN,Brunei,7,2,9,4488.818,195.957,4684.775,4,0.347484,0.36086,0,0.002791,0.904762,0.028769,0.00723,0,89,0.151367,2,1201
BWA,Botswana,6,3,9,27045.464,42.846,27088.31,4,0.395349,0.416667,3.59343,0.002366,0.660714,0.014474,0.008366,0,89,0.055041,2,1201
DMA,,4,0,4,1.896,0,1.896,0,0,0,0,0.003045,0.5,0.01351,0,0,5,0.059421,2,1201
GNB,Guinea-Bissau,3,0,3,138.089,0,138.089,0,0,0,0,0.001878,0.5,0.014493,0,0,68,0.044098,2,1201
GTM,Guatemala,15,6,21,47471.856,902.871,48374.727,4,0.428295,0.453997,51.994319,0.006171,0.398693,0.053732,0.012356,0,89,0.24066,2,1201
HTI,Haiti,3,0,3,142.063,0,142.063,0,0,0,0,0.00253,0.5,0.009649,0,0,55,0.048547,2,1201
LAO,Lao PDR,7,4,11,11859.24,6767.652,18626.892,4,0.416981,0.440422,1.109191,0.002546,0.708333,0.031485,0.014716,0,89,0.135902,2,1201
MRT,Mauritania,8,0,8,334.869,0,334.869,0,0,0,0,0.002645,0.785714,0.043524,0,0,41,0.169064,2,1201
MWI,Malawi,8,25,33,4419.514,216758.121,221177.635,4,0.479393,0.523756,62.17093,0.002946,0.308201,0.025604,0.053623,0,89,0.09045,2,1201
PRK,,6,0,6,33328.815,0,33328.815,0,0,0,0,0.002387,0.7,0.030241,0,0,40,0.117237,2,1201
SLV,El Salvador,4,2,6,11660.876,0.604,11661.48,4,0.393238,0.41365,3.761381,0.003119,0.75,0.014102,0.005489,0,89,0.072403,2,1201
SSD,South Sudan,5,0,5,260.845,0,260.845,0,0,0,0,0.002413,0.7,0.019588,0,0,27,0.082169,2,1201
SWZ,Eswatini,5,3,8,829.283,60.742,890.025,4,0.370805,0.389517,0.468687,0.002219,0.571429,0.014207,0.008562,0,89,0.067723,2,1201
TJK,,10,0,10,2536.009,0,2536.009,0,0,0,0,0.004658,0.5,0.035708,0,0,6,0.171878,2,1201
TTO,Trinidad and Tobago,8,7,15,4721.883,49.714,4771.597,4,0.426641,0.453997,673.5379,0.005712,0.324176,0.040192,0.013218,0,89,0.159316,2,1201
CAF,,3,0,3,0.488,0,0.488,0,0,0,0,0.001863,0.5,0.014507,0,0,65,0.045093,2,1201
COK,Cook Islands,2,0,2,9.876,0,9.876,0,0,0,0,0.002117,0.5,0.006849,0,0,25,0.039215,2,1201
COM,,2,0,2,0.271,0,0.271,0,0,0,0,0.001824,0.5,0.010642,0,0,64,0.047034,2,1201
DJI,,2,0,2,55.068,0,55.068,0,0,0,0,0.001811,1,0.010041,0,0,63,0.02959,2,1201
ERI,,1,0,1,0.059,0,0.059,0,0,0,0,0.001693,0,0.006532,0,0,62,0.025508,2,1201
FSM,,1,0,1,0.336,0,0.336,0,0,0,0,0.001693,0,0.006532,0,0,61,0.025508,2,1201
IRQ,Iraq,15,0,15,27562.394,0,27562.394,0,0,0,0,0.004683,0.552381,0.059667,0,0,37,0.278016,2,1201
KIR,Kiribati,2,0,2,2.188,0,2.188,0,0,0,0,0.001831,1,0.009261,0,0,46,0.04619,2,1201
LSO,Lesotho,3,1,4,1830.021,0.41,1830.431,4,0.362295,0.375943,0,0.001973,1,0.012611,0.003287,0,89,0.063177,2,1201
MAC,Macao,6,0,6,3836.436,0,3836.436,0,0,0,0,0.003008,0.5,0.020671,0,0,44,0.105003,2,1201
MDG,Madagascar,8,2,10,670.48,793.448,1463.928,4,0.413084,0.433635,2.583245,0.002543,0.607143,0.038327,0.008167,0,89,0.146016,2,1201
MDV,Maldives,5,0,5,2000.019,0,2000.019,0,0,0,0,0.002321,0.75,0.020377,0,0,43,0.094029,2,1201
MNG,,7,0,7,302.279,0,302.279,0,0,0,0,0.002547,0.547619,0.031907,0,0,42,0.139688,2,1201
NER,,6,1,7,30.054,2.734,32.788,5,0.334848,0.347059,0.160909,0.002301,0.714286,0.027767,0.002579,0,89,0.094935,2,1201
SLB,,2,0,2,1.911,0,1.911,0,0,0,0,0.002117,0.5,0.006849,0,0,20,0.039215,2,1201
TCD,,6,0,6,163.789,0,163.789,0,0,0,0,0.004966,0.466667,0.021198,0,0,14,0.086603,2,1201
TMP,Timor-Leste,5,0,5,2904.362,0,2904.362,0,0,0,0,0.0024,0.5,0.018519,0,0,15,0.082451,2,1201
VUT,,4,0,4,3.534,0,3.534,0,0,0,0,0.002705,0.583333,0.010139,0,0,10,0.059855,2,1201
ZMB,Zambia,6,19,25,13015.798,99393.903,112409.701,4,0.45567,0.496606,20.349144,0.002345,0.330409,0.020065,0.033363,0,89,0.07735,2,1201
ABW,,5,0,5,45.31,0,45.31,0,0,0,0,0.005937,0.5,0.015472,0,0,1,0.084462,2,1201
CUW,Cura�ao,6,0,6,105.883,0,105.883,0,0,0,0,0.002497,0.533333,0.027331,0,0,49,0.100885,2,1201
ALB,Albania,9,0,9,239.315,0,239.315,0,0,0,0,0.003631,0.541667,0.025486,0,0,60,0.140091,2,1201
ARM,Armenia,7,0,7,1702.595,0,1702.595,0,0,0,0,0.003485,0.619048,0.028358,0,0,39,0.140156,2,1201
BUN,Bunkers,7,0,7,116.106,0,116.106,0,0,0,0,0.004705,0.309524,0.023292,0,0,24,0.116949,2,1201
ISL,Iceland,10,0,10,1342.083,0,1342.083,0,0,0,0,0.0042,0.755556,0.042714,0,0,31,0.240629,2,1201
FRO,Faroe Islands,3,0,3,59.935,0,59.935,0,0,0,0,0.001948,0.333333,0.015932,0,0,71,0.053214,2,1201
GRL,Greenland,3,0,3,47.797,0,47.797,0,0,0,0,0.001948,0.333333,0.015932,0,0,70,0.053214,2,1201
PSE,,2,0,2,123.752,0,123.752,0,0,0,0,0.00298,0.5,0.002808,0,0,36,0.024715,2,1201
AND,,3,0,3,20.393,0,20.393,0,0,0,0,0.001861,0.166667,0.011532,0,0,66,0.028606,2,1201
GIB,Gibraltar,3,0,3,40.681,0,40.681,0,0,0,0,0.001894,0.5,0.015587,0,0,67,0.054575,2,1201
GIN,Guinea,5,0,5,25.944,0,25.944,0,0,0,0,0.002128,0.55,0.025795,0,0,69,0.094232,2,1201
KEN,Kenya,17,13,30,48830.942,843.393,49674.335,4,0.469214,0.498115,207.163745,0.004451,0.313406,0.057613,0.032795,0,89,0.224364,2,1201
YEM,Yemen,5,1,6,50.241,0.07,50.311,6,0.232877,0.241252,1.2,0.005275,0.5,0.017432,0.003381,0,89,0.073618,2,1201
EUN,European Union,0,121,121,0,937761.389,937761.389,3,0.685185,0.771772,0,0.001609,0.078444,0,0.212641,0,90,0,2,1201
BES,,2,0,2,0.94,0,0.94,0,0,0,0,0.001732,0,0.012999,0,0,78,0.030553,2,1201
PYF,French Polynesia,6,0,6,22.951,0,22.951,0,0,0,0,0.002674,0.666667,0.02899,0,0,21,0.132369,2,1201
SPE,Special Categories,3,0,3,111.517,0,111.517,0,0,0,0,0.001889,0.5,0.010017,0,0,87,0.019688,2,1201
TKM,Turkmenistan,6,0,6,8130.615,0,8130.615,0,0,0,0,0.002496,0.533333,0.023519,0,0,9,0.099869,2,1201
UZB,Uzbekistan,9,2,11,51498.638,1.878,51500.516,4,0.349684,0.365385,4.204338,0.003297,0.5,0.031494,0.004049,0,89,0.144399,2,1201
GUM,Guam,4,0,4,20.305,0,20.305,0,0,0,0,0.002907,0.666667,0.009318,0,0,75,0.077494,2,1201
MNP,Northern Mariana Islands,3,0,3,69.139,0,69.139,0,0,0,0,0.002754,0.5,0.006164,0,0,74,0.05991,2,1201
BTN,Bhutan,1,0,1,20.506,0,20.506,0,0,0,0,0.001705,0,0.005872,0,0,77,0.020906,2,1201
NFK,,2,0,2,93.421,0,93.421,0,0,0,0,0.001814,1,0.007695,0,0,76,0.026747,2,1201
RWA,Rwanda,7,8,15,16884.108,113.914,16998.022,4,0.448276,0.473982,43.979371,0.003743,0.6,0.016217,0.018394,0,89,0.065347,2,1201
ZWE,Zimbabwe,5,15,20,121053.542,3434.998,124488.54,4,0.401089,0.441176,17.633995,0.002239,0.290441,0.013806,0.023692,0,89,0.0527,2,1201
KGZ,Kyrgyzstan,4,6,10,1069.235,179.813,1249.048,4,0.45102,0.473228,3.210848,0.002466,0.607143,0.012708,0.017833,0,89,0.077273,2,1201
SOM,,1,0,1,0.795,0,0.795,0,0,0,0,0.0019,0,0.000925,0,0,28,0.008469,2,1201
WSM,Samoa,2,1,3,2.151,0.108,2.259,1,1,1,134,0.002192,0.166667,0.003221,0,0,8,0.031925,2,1201
TON,Tonga,2,0,2,4.368,0,4.368,0,0,0,0,0.00217,0.5,0.003046,0,0,19,0.034388,2,1201
TUV,,1,0,1,0.045,0,0.045,0,0,0,0,0.002033,0,0.000317,0,0,18,0.013706,2,1201
PLW,Palau,2,0,2,5.513,0,5.513,0,0,0,0,0.002142,0.5,0.003677,0,0,17,0.034918,2,1201
UMI,,1,0,1,0.03,0,0.03,0,0,0,0,0.001747,0,0.002729,0,0,73,0.020682,2,1201
NRU,,1,0,1,0.258,0,0.258,0,0,0,0,0.001762,0,0.003153,0,0,79,0.017584,2,1201
GRD,,2,0,2,13137.852,0,13137.852,0,0,0,0,0.002481,1,0.007315,0,0,4,0.041888,2,1201
AIA,,1,0,1,117.419,0,117.419,0,0,0,0,0.001787,0,0.006942,0,0,86,0.035926,2,1201
ATG,,1,0,1,8.111,0,8.111,0,0,0,0,0.001787,0,0.006942,0,0,85,0.035926,2,1201
BMU,,1,0,1,68.443,0,68.443,0,0,0,0,0.001787,0,0.006942,0,0,84,0.035926,2,1201
IOT,British Indian Ocean Ter.,1,0,1,416,0,416,0,0,0,0,0.001787,0,0.006942,0,0,83,0.035926,2,1201
KNA,,1,0,1,173.436,0,173.436,0,0,0,0,0.001787,0,0.006942,0,0,82,0.035926,2,1201
SXM,,1,0,1,12.782,0,12.782,0,0,0,0,0.001787,0,0.006942,0,0,81,0.035926,2,1201
VAT,,1,0,1,13.91,0,13.91,0,0,0,0,0.001787,0,0.006942,0,0,80,0.035926,2,1201
TKL,,1,0,1,0.108,0,0.108,0,0,0,0,0.003473,0,0,0,0,7,0.001477,2,1201
SHN,,1,0,1,0.158,0,0.158,0,0,0,0,0.001751,0,0.003349,0,0,88,0.016987,2,1201
